FirstName,LastName,Email,Position,EquipmentModel,SystemAccount
Name1,Surname1,user1@lviv.polytechnic.ua,DevOps,MacBook Pro,SAP_Acc_1
Name2,Surname2,user2@lviv.polytechnic.ua,Designer,Monitor 27',SAP_Acc_2
Name3,Surname3,user3@lviv.polytechnic.ua,Designer,MacBook Pro,SAP_Acc_3
Name4,Surname4,user4@lviv.polytechnic.ua,Manager,Keyboard,SAP_Acc_4
Name5,Surname5,user5@lviv.polytechnic.ua,Developer,Keyboard,SAP_Acc_5
Name6,Surname6,user6@lviv.polytechnic.ua,DevOps,Keyboard,SAP_Acc_6
Name7,Surname7,user7@lviv.polytechnic.ua,Designer,Monitor 27',SAP_Acc_7
Name8,Surname8,user8@lviv.polytechnic.ua,QA,Monitor 27',SAP_Acc_8
Name9,Surname9,user9@lviv.polytechnic.ua,Developer,ThinkPad,SAP_Acc_9
Name10,Surname10,user10@lviv.polytechnic.ua,DevOps,Dell XPS,SAP_Acc_10
Name11,Surname11,user11@lviv.polytechnic.ua,Developer,Monitor 27',SAP_Acc_11
Name12,Surname12,user12@lviv.polytechnic.ua,Developer,Dell XPS,SAP_Acc_12
Name13,Surname13,user13@lviv.polytechnic.ua,Manager,MacBook Pro,SAP_Acc_13
Name14,Surname14,user14@lviv.polytechnic.ua,Designer,MacBook Pro,SAP_Acc_14
Name15,Surname15,user15@lviv.polytechnic.ua,Developer,ThinkPad,SAP_Acc_15
Name16,Surname16,user16@lviv.polytechnic.ua,Manager,Dell XPS,SAP_Acc_16
Name17,Surname17,user17@lviv.polytechnic.ua,DevOps,Keyboard,SAP_Acc_17
Name18,Surname18,user18@lviv.polytechnic.ua,Designer,Dell XPS,SAP_Acc_18
Name19,Surname19,user19@lviv.polytechnic.ua,Developer,ThinkPad,SAP_Acc_19
Name20,Surname20,user20@lviv.polytechnic.ua,Designer,Monitor 27',SAP_Acc_20
Name21,Surname21,user21@lviv.polytechnic.ua,Designer,MacBook Pro,SAP_Acc_21
Name22,Surname22,user22@lviv.polytechnic.ua,DevOps,Monitor 27',SAP_Acc_22
Name23,Surname23,user23@lviv.polytechnic.ua,Developer,Keyboard,SAP_Acc_23
Name24,Surname24,user24@lviv.polytechnic.ua,Designer,Monitor 27',SAP_Acc_24
Name25,Surname25,user25@lviv.polytechnic.ua,Developer,ThinkPad,SAP_Acc_25
Name26,Surname26,user26@lviv.polytechnic.ua,Developer,ThinkPad,SAP_Acc_26
Name27,Surname27,user27@lviv.polytechnic.ua,QA,Keyboard,SAP_Acc_27
Name28,Surname28,user28@lviv.polytechnic.ua,Designer,MacBook Pro,SAP_Acc_28
Name29,Surname29,user29@lviv.polytechnic.ua,QA,Keyboard,SAP_Acc_29
Name30,Surname30,user30@lviv.polytechnic.ua,DevOps,Dell XPS,SAP_Acc_30
Name31,Surname31,user31@lviv.polytechnic.ua,Manager,Keyboard,SAP_Acc_31
Name32,Surname32,user32@lviv.polytechnic.ua,DevOps,MacBook Pro,SAP_Acc_32
Name33,Surname33,user33@lviv.polytechnic.ua,Manager,MacBook Pro,SAP_Acc_33
Name34,Surname34,user34@lviv.polytechnic.ua,Developer,Monitor 27',SAP_Acc_34
Name35,Surname35,user35@lviv.polytechnic.ua,QA,MacBook Pro,SAP_Acc_35
Name36,Surname36,user36@lviv.polytechnic.ua,QA,MacBook Pro,SAP_Acc_36
Name37,Surname37,user37@lviv.polytechnic.ua,Manager,MacBook Pro,SAP_Acc_37
Name38,Surname38,user38@lviv.polytechnic.ua,Developer,Monitor 27',SAP_Acc_38
Name39,Surname39,user39@lviv.polytechnic.ua,Developer,ThinkPad,SAP_Acc_39
Name40,Surname40,user40@lviv.polytechnic.ua,DevOps,Dell XPS,SAP_Acc_40
Name41,Surname41,user41@lviv.polytechnic.ua,Manager,MacBook Pro,SAP_Acc_41
Name42,Surname42,user42@lviv.polytechnic.ua,Manager,Keyboard,SAP_Acc_42
Name43,Surname43,user43@lviv.polytechnic.ua,QA,ThinkPad,SAP_Acc_43
Name44,Surname44,user44@lviv.polytechnic.ua,Manager,ThinkPad,SAP_Acc_44
Name45,Surname45,user45@lviv.polytechnic.ua,Designer,MacBook Pro,SAP_Acc_45
Name46,Surname46,user46@lviv.polytechnic.ua,Developer,Keyboard,SAP_Acc_46
Name47,Surname47,user47@lviv.polytechnic.ua,QA,Monitor 27',SAP_Acc_47
Name48,Surname48,user48@lviv.polytechnic.ua,Manager,ThinkPad,SAP_Acc_48
Name49,Surname49,user49@lviv.polytechnic.ua,Designer,Monitor 27',SAP_Acc_49
Name50,Surname50,user50@lviv.polytechnic.ua,Developer,MacBook Pro,SAP_Acc_50
Name51,Surname51,user51@lviv.polytechnic.ua,Designer,MacBook Pro,SAP_Acc_51
Name52,Surname52,user52@lviv.polytechnic.ua,Manager,Keyboard,SAP_Acc_52
Name53,Surname53,user53@lviv.polytechnic.ua,Manager,MacBook Pro,SAP_Acc_53
Name54,Surname54,user54@lviv.polytechnic.ua,Manager,MacBook Pro,SAP_Acc_54
Name55,Surname55,user55@lviv.polytechnic.ua,DevOps,Monitor 27',SAP_Acc_55
Name56,Surname56,user56@lviv.polytechnic.ua,Designer,MacBook Pro,SAP_Acc_56
Name57,Surname57,user57@lviv.polytechnic.ua,Designer,Monitor 27',SAP_Acc_57
Name58,Surname58,user58@lviv.polytechnic.ua,Designer,Dell XPS,SAP_Acc_58
Name59,Surname59,user59@lviv.polytechnic.ua,DevOps,MacBook Pro,SAP_Acc_59
Name60,Surname60,user60@lviv.polytechnic.ua,Developer,MacBook Pro,SAP_Acc_60
Name61,Surname61,user61@lviv.polytechnic.ua,Designer,MacBook Pro,SAP_Acc_61
Name62,Surname62,user62@lviv.polytechnic.ua,Developer,Monitor 27',SAP_Acc_62
Name63,Surname63,user63@lviv.polytechnic.ua,DevOps,Monitor 27',SAP_Acc_63
Name64,Surname64,user64@lviv.polytechnic.ua,Designer,Monitor 27',SAP_Acc_64
Name65,Surname65,user65@lviv.polytechnic.ua,QA,Dell XPS,SAP_Acc_65
Name66,Surname66,user66@lviv.polytechnic.ua,Developer,Dell XPS,SAP_Acc_66
Name67,Surname67,user67@lviv.polytechnic.ua,QA,Keyboard,SAP_Acc_67
Name68,Surname68,user68@lviv.polytechnic.ua,DevOps,MacBook Pro,SAP_Acc_68
Name69,Surname69,user69@lviv.polytechnic.ua,DevOps,MacBook Pro,SAP_Acc_69
Name70,Surname70,user70@lviv.polytechnic.ua,DevOps,Dell XPS,SAP_Acc_70
Name71,Surname71,user71@lviv.polytechnic.ua,DevOps,ThinkPad,SAP_Acc_71
Name72,Surname72,user72@lviv.polytechnic.ua,QA,Dell XPS,SAP_Acc_72
Name73,Surname73,user73@lviv.polytechnic.ua,DevOps,Dell XPS,SAP_Acc_73
Name74,Surname74,user74@lviv.polytechnic.ua,Designer,ThinkPad,SAP_Acc_74
Name75,Surname75,user75@lviv.polytechnic.ua,QA,Keyboard,SAP_Acc_75
Name76,Surname76,user76@lviv.polytechnic.ua,Designer,Monitor 27',SAP_Acc_76
Name77,Surname77,user77@lviv.polytechnic.ua,Developer,ThinkPad,SAP_Acc_77
Name78,Surname78,user78@lviv.polytechnic.ua,Developer,ThinkPad,SAP_Acc_78
Name79,Surname79,user79@lviv.polytechnic.ua,DevOps,MacBook Pro,SAP_Acc_79
Name80,Surname80,user80@lviv.polytechnic.ua,Developer,Dell XPS,SAP_Acc_80
Name81,Surname81,user81@lviv.polytechnic.ua,QA,MacBook Pro,SAP_Acc_81
Name82,Surname82,user82@lviv.polytechnic.ua,DevOps,Monitor 27',SAP_Acc_82
Name83,Surname83,user83@lviv.polytechnic.ua,QA,Monitor 27',SAP_Acc_83
Name84,Surname84,user84@lviv.polytechnic.ua,Developer,MacBook Pro,SAP_Acc_84
Name85,Surname85,user85@lviv.polytechnic.ua,Developer,Keyboard,SAP_Acc_85
Name86,Surname86,user86@lviv.polytechnic.ua,Developer,ThinkPad,SAP_Acc_86
Name87,Surname87,user87@lviv.polytechnic.ua,QA,Monitor 27',SAP_Acc_87
Name88,Surname88,user88@lviv.polytechnic.ua,DevOps,ThinkPad,SAP_Acc_88
Name89,Surname89,user89@lviv.polytechnic.ua,DevOps,MacBook Pro,SAP_Acc_89
Name90,Surname90,user90@lviv.polytechnic.ua,QA,Keyboard,SAP_Acc_90
Name91,Surname91,user91@lviv.polytechnic.ua,QA,Dell XPS,SAP_Acc_91
Name92,Surname92,user92@lviv.polytechnic.ua,Developer,MacBook Pro,SAP_Acc_92
Name93,Surname93,user93@lviv.polytechnic.ua,QA,Dell XPS,SAP_Acc_93
Name94,Surname94,user94@lviv.polytechnic.ua,Developer,ThinkPad,SAP_Acc_94
Name95,Surname95,user95@lviv.polytechnic.ua,Manager,Monitor 27',SAP_Acc_95
Name96,Surname96,user96@lviv.polytechnic.ua,QA,ThinkPad,SAP_Acc_96
Name97,Surname97,user97@lviv.polytechnic.ua,QA,MacBook Pro,SAP_Acc_97
Name98,Surname98,user98@lviv.polytechnic.ua,Developer,ThinkPad,SAP_Acc_98
Name99,Surname99,user99@lviv.polytechnic.ua,QA,Keyboard,SAP_Acc_99
Name100,Surname100,user100@lviv.polytechnic.ua,Developer,MacBook Pro,SAP_Acc_100
Name101,Surname101,user101@lviv.polytechnic.ua,QA,Keyboard,SAP_Acc_101
Name102,Surname102,user102@lviv.polytechnic.ua,Developer,Dell XPS,SAP_Acc_102
Name103,Surname103,user103@lviv.polytechnic.ua,QA,ThinkPad,SAP_Acc_103
Name104,Surname104,user104@lviv.polytechnic.ua,Manager,Dell XPS,SAP_Acc_104
Name105,Surname105,user105@lviv.polytechnic.ua,DevOps,Monitor 27',SAP_Acc_105
Name106,Surname106,user106@lviv.polytechnic.ua,Designer,Keyboard,SAP_Acc_106
Name107,Surname107,user107@lviv.polytechnic.ua,Manager,ThinkPad,SAP_Acc_107
Name108,Surname108,user108@lviv.polytechnic.ua,Manager,ThinkPad,SAP_Acc_108
Name109,Surname109,user109@lviv.polytechnic.ua,QA,Dell XPS,SAP_Acc_109
Name110,Surname110,user110@lviv.polytechnic.ua,DevOps,MacBook Pro,SAP_Acc_110
Name111,Surname111,user111@lviv.polytechnic.ua,Developer,Keyboard,SAP_Acc_111
Name112,Surname112,user112@lviv.polytechnic.ua,DevOps,Keyboard,SAP_Acc_112
Name113,Surname113,user113@lviv.polytechnic.ua,QA,Monitor 27',SAP_Acc_113
Name114,Surname114,user114@lviv.polytechnic.ua,QA,Monitor 27',SAP_Acc_114
Name115,Surname115,user115@lviv.polytechnic.ua,Designer,Keyboard,SAP_Acc_115
Name116,Surname116,user116@lviv.polytechnic.ua,QA,MacBook Pro,SAP_Acc_116
Name117,Surname117,user117@lviv.polytechnic.ua,QA,ThinkPad,SAP_Acc_117
Name118,Surname118,user118@lviv.polytechnic.ua,Designer,ThinkPad,SAP_Acc_118
Name119,Surname119,user119@lviv.polytechnic.ua,Designer,Keyboard,SAP_Acc_119
Name120,Surname120,user120@lviv.polytechnic.ua,Designer,ThinkPad,SAP_Acc_120
Name121,Surname121,user121@lviv.polytechnic.ua,QA,Monitor 27',SAP_Acc_121
Name122,Surname122,user122@lviv.polytechnic.ua,DevOps,Monitor 27',SAP_Acc_122
Name123,Surname123,user123@lviv.polytechnic.ua,Designer,MacBook Pro,SAP_Acc_123
Name124,Surname124,user124@lviv.polytechnic.ua,DevOps,Keyboard,SAP_Acc_124
Name125,Surname125,user125@lviv.polytechnic.ua,Manager,Dell XPS,SAP_Acc_125
Name126,Surname126,user126@lviv.polytechnic.ua,QA,ThinkPad,SAP_Acc_126
Name127,Surname127,user127@lviv.polytechnic.ua,Developer,Dell XPS,SAP_Acc_127
Name128,Surname128,user128@lviv.polytechnic.ua,Developer,MacBook Pro,SAP_Acc_128
Name129,Surname129,user129@lviv.polytechnic.ua,Manager,Keyboard,SAP_Acc_129
Name130,Surname130,user130@lviv.polytechnic.ua,Manager,ThinkPad,SAP_Acc_130
Name131,Surname131,user131@lviv.polytechnic.ua,QA,Monitor 27',SAP_Acc_131
Name132,Surname132,user132@lviv.polytechnic.ua,Manager,Monitor 27',SAP_Acc_132
Name133,Surname133,user133@lviv.polytechnic.ua,Designer,Monitor 27',SAP_Acc_133
Name134,Surname134,user134@lviv.polytechnic.ua,QA,MacBook Pro,SAP_Acc_134
Name135,Surname135,user135@lviv.polytechnic.ua,Manager,ThinkPad,SAP_Acc_135
Name136,Surname136,user136@lviv.polytechnic.ua,DevOps,ThinkPad,SAP_Acc_136
Name137,Surname137,user137@lviv.polytechnic.ua,Designer,Dell XPS,SAP_Acc_137
Name138,Surname138,user138@lviv.polytechnic.ua,DevOps,Monitor 27',SAP_Acc_138
Name139,Surname139,user139@lviv.polytechnic.ua,Designer,MacBook Pro,SAP_Acc_139
Name140,Surname140,user140@lviv.polytechnic.ua,QA,Dell XPS,SAP_Acc_140
Name141,Surname141,user141@lviv.polytechnic.ua,Manager,MacBook Pro,SAP_Acc_141
Name142,Surname142,user142@lviv.polytechnic.ua,DevOps,MacBook Pro,SAP_Acc_142
Name143,Surname143,user143@lviv.polytechnic.ua,DevOps,Dell XPS,SAP_Acc_143
Name144,Surname144,user144@lviv.polytechnic.ua,Designer,MacBook Pro,SAP_Acc_144
Name145,Surname145,user145@lviv.polytechnic.ua,Developer,MacBook Pro,SAP_Acc_145
Name146,Surname146,user146@lviv.polytechnic.ua,DevOps,Keyboard,SAP_Acc_146
Name147,Surname147,user147@lviv.polytechnic.ua,Designer,Keyboard,SAP_Acc_147
Name148,Surname148,user148@lviv.polytechnic.ua,QA,Keyboard,SAP_Acc_148
Name149,Surname149,user149@lviv.polytechnic.ua,Developer,MacBook Pro,SAP_Acc_149
Name150,Surname150,user150@lviv.polytechnic.ua,QA,Dell XPS,SAP_Acc_150
Name151,Surname151,user151@lviv.polytechnic.ua,QA,ThinkPad,SAP_Acc_151
Name152,Surname152,user152@lviv.polytechnic.ua,Designer,Keyboard,SAP_Acc_152
Name153,Surname153,user153@lviv.polytechnic.ua,DevOps,Monitor 27',SAP_Acc_153
Name154,Surname154,user154@lviv.polytechnic.ua,Manager,ThinkPad,SAP_Acc_154
Name155,Surname155,user155@lviv.polytechnic.ua,QA,Dell XPS,SAP_Acc_155
Name156,Surname156,user156@lviv.polytechnic.ua,Manager,ThinkPad,SAP_Acc_156
Name157,Surname157,user157@lviv.polytechnic.ua,Developer,MacBook Pro,SAP_Acc_157
Name158,Surname158,user158@lviv.polytechnic.ua,QA,Dell XPS,SAP_Acc_158
Name159,Surname159,user159@lviv.polytechnic.ua,QA,Keyboard,SAP_Acc_159
Name160,Surname160,user160@lviv.polytechnic.ua,Designer,MacBook Pro,SAP_Acc_160
Name161,Surname161,user161@lviv.polytechnic.ua,Developer,Keyboard,SAP_Acc_161
Name162,Surname162,user162@lviv.polytechnic.ua,Designer,ThinkPad,SAP_Acc_162
Name163,Surname163,user163@lviv.polytechnic.ua,Designer,ThinkPad,SAP_Acc_163
Name164,Surname164,user164@lviv.polytechnic.ua,Manager,Dell XPS,SAP_Acc_164
Name165,Surname165,user165@lviv.polytechnic.ua,Manager,Keyboard,SAP_Acc_165
Name166,Surname166,user166@lviv.polytechnic.ua,Designer,Monitor 27',SAP_Acc_166
Name167,Surname167,user167@lviv.polytechnic.ua,Developer,MacBook Pro,SAP_Acc_167
Name168,Surname168,user168@lviv.polytechnic.ua,Developer,Dell XPS,SAP_Acc_168
Name169,Surname169,user169@lviv.polytechnic.ua,Developer,Monitor 27',SAP_Acc_169
Name170,Surname170,user170@lviv.polytechnic.ua,QA,Monitor 27',SAP_Acc_170
Name171,Surname171,user171@lviv.polytechnic.ua,Designer,Dell XPS,SAP_Acc_171
Name172,Surname172,user172@lviv.polytechnic.ua,QA,ThinkPad,SAP_Acc_172
Name173,Surname173,user173@lviv.polytechnic.ua,Developer,Keyboard,SAP_Acc_173
Name174,Surname174,user174@lviv.polytechnic.ua,Developer,Dell XPS,SAP_Acc_174
Name175,Surname175,user175@lviv.polytechnic.ua,Manager,MacBook Pro,SAP_Acc_175
Name176,Surname176,user176@lviv.polytechnic.ua,DevOps,Keyboard,SAP_Acc_176
Name177,Surname177,user177@lviv.polytechnic.ua,Developer,Monitor 27',SAP_Acc_177
Name178,Surname178,user178@lviv.polytechnic.ua,Developer,Dell XPS,SAP_Acc_178
Name179,Surname179,user179@lviv.polytechnic.ua,QA,Keyboard,SAP_Acc_179
Name180,Surname180,user180@lviv.polytechnic.ua,QA,MacBook Pro,SAP_Acc_180
Name181,Surname181,user181@lviv.polytechnic.ua,Developer,Dell XPS,SAP_Acc_181
Name182,Surname182,user182@lviv.polytechnic.ua,Designer,MacBook Pro,SAP_Acc_182
Name183,Surname183,user183@lviv.polytechnic.ua,Designer,Keyboard,SAP_Acc_183
Name184,Surname184,user184@lviv.polytechnic.ua,Manager,ThinkPad,SAP_Acc_184
Name185,Surname185,user185@lviv.polytechnic.ua,Developer,MacBook Pro,SAP_Acc_185
Name186,Surname186,user186@lviv.polytechnic.ua,DevOps,Dell XPS,SAP_Acc_186
Name187,Surname187,user187@lviv.polytechnic.ua,Manager,Monitor 27',SAP_Acc_187
Name188,Surname188,user188@lviv.polytechnic.ua,DevOps,Dell XPS,SAP_Acc_188
Name189,Surname189,user189@lviv.polytechnic.ua,Manager,Dell XPS,SAP_Acc_189
Name190,Surname190,user190@lviv.polytechnic.ua,DevOps,Keyboard,SAP_Acc_190
Name191,Surname191,user191@lviv.polytechnic.ua,Designer,Monitor 27',SAP_Acc_191
Name192,Surname192,user192@lviv.polytechnic.ua,Designer,Monitor 27',SAP_Acc_192
Name193,Surname193,user193@lviv.polytechnic.ua,QA,Dell XPS,SAP_Acc_193
Name194,Surname194,user194@lviv.polytechnic.ua,QA,Dell XPS,SAP_Acc_194
Name195,Surname195,user195@lviv.polytechnic.ua,DevOps,Keyboard,SAP_Acc_195
Name196,Surname196,user196@lviv.polytechnic.ua,DevOps,ThinkPad,SAP_Acc_196
Name197,Surname197,user197@lviv.polytechnic.ua,DevOps,Dell XPS,SAP_Acc_197
Name198,Surname198,user198@lviv.polytechnic.ua,Designer,MacBook Pro,SAP_Acc_198
Name199,Surname199,user199@lviv.polytechnic.ua,Designer,MacBook Pro,SAP_Acc_199
Name200,Surname200,user200@lviv.polytechnic.ua,Developer,ThinkPad,SAP_Acc_200
Name201,Surname201,user201@lviv.polytechnic.ua,DevOps,ThinkPad,SAP_Acc_201
Name202,Surname202,user202@lviv.polytechnic.ua,Developer,ThinkPad,SAP_Acc_202
Name203,Surname203,user203@lviv.polytechnic.ua,Manager,Dell XPS,SAP_Acc_203
Name204,Surname204,user204@lviv.polytechnic.ua,DevOps,Keyboard,SAP_Acc_204
Name205,Surname205,user205@lviv.polytechnic.ua,QA,Dell XPS,SAP_Acc_205
Name206,Surname206,user206@lviv.polytechnic.ua,DevOps,MacBook Pro,SAP_Acc_206
Name207,Surname207,user207@lviv.polytechnic.ua,DevOps,ThinkPad,SAP_Acc_207
Name208,Surname208,user208@lviv.polytechnic.ua,DevOps,ThinkPad,SAP_Acc_208
Name209,Surname209,user209@lviv.polytechnic.ua,Developer,Dell XPS,SAP_Acc_209
Name210,Surname210,user210@lviv.polytechnic.ua,DevOps,Keyboard,SAP_Acc_210
Name211,Surname211,user211@lviv.polytechnic.ua,Manager,Monitor 27',SAP_Acc_211
Name212,Surname212,user212@lviv.polytechnic.ua,Manager,Dell XPS,SAP_Acc_212
Name213,Surname213,user213@lviv.polytechnic.ua,QA,Monitor 27',SAP_Acc_213
Name214,Surname214,user214@lviv.polytechnic.ua,DevOps,Keyboard,SAP_Acc_214
Name215,Surname215,user215@lviv.polytechnic.ua,Manager,Keyboard,SAP_Acc_215
Name216,Surname216,user216@lviv.polytechnic.ua,QA,Dell XPS,SAP_Acc_216
Name217,Surname217,user217@lviv.polytechnic.ua,DevOps,ThinkPad,SAP_Acc_217
Name218,Surname218,user218@lviv.polytechnic.ua,Manager,MacBook Pro,SAP_Acc_218
Name219,Surname219,user219@lviv.polytechnic.ua,Designer,Dell XPS,SAP_Acc_219
Name220,Surname220,user220@lviv.polytechnic.ua,Developer,Monitor 27',SAP_Acc_220
Name221,Surname221,user221@lviv.polytechnic.ua,DevOps,ThinkPad,SAP_Acc_221
Name222,Surname222,user222@lviv.polytechnic.ua,DevOps,Monitor 27',SAP_Acc_222
Name223,Surname223,user223@lviv.polytechnic.ua,DevOps,ThinkPad,SAP_Acc_223
Name224,Surname224,user224@lviv.polytechnic.ua,QA,Keyboard,SAP_Acc_224
Name225,Surname225,user225@lviv.polytechnic.ua,Designer,Dell XPS,SAP_Acc_225
Name226,Surname226,user226@lviv.polytechnic.ua,QA,Monitor 27',SAP_Acc_226
Name227,Surname227,user227@lviv.polytechnic.ua,QA,MacBook Pro,SAP_Acc_227
Name228,Surname228,user228@lviv.polytechnic.ua,Designer,ThinkPad,SAP_Acc_228
Name229,Surname229,user229@lviv.polytechnic.ua,Designer,Monitor 27',SAP_Acc_229
Name230,Surname230,user230@lviv.polytechnic.ua,QA,Monitor 27',SAP_Acc_230
Name231,Surname231,user231@lviv.polytechnic.ua,Designer,ThinkPad,SAP_Acc_231
Name232,Surname232,user232@lviv.polytechnic.ua,DevOps,Dell XPS,SAP_Acc_232
Name233,Surname233,user233@lviv.polytechnic.ua,Designer,MacBook Pro,SAP_Acc_233
Name234,Surname234,user234@lviv.polytechnic.ua,Designer,Monitor 27',SAP_Acc_234
Name235,Surname235,user235@lviv.polytechnic.ua,Developer,Monitor 27',SAP_Acc_235
Name236,Surname236,user236@lviv.polytechnic.ua,DevOps,Monitor 27',SAP_Acc_236
Name237,Surname237,user237@lviv.polytechnic.ua,Manager,MacBook Pro,SAP_Acc_237
Name238,Surname238,user238@lviv.polytechnic.ua,Manager,Keyboard,SAP_Acc_238
Name239,Surname239,user239@lviv.polytechnic.ua,Designer,ThinkPad,SAP_Acc_239
Name240,Surname240,user240@lviv.polytechnic.ua,Manager,Monitor 27',SAP_Acc_240
Name241,Surname241,user241@lviv.polytechnic.ua,QA,Dell XPS,SAP_Acc_241
Name242,Surname242,user242@lviv.polytechnic.ua,Designer,Keyboard,SAP_Acc_242
Name243,Surname243,user243@lviv.polytechnic.ua,Developer,Keyboard,SAP_Acc_243
Name244,Surname244,user244@lviv.polytechnic.ua,Developer,ThinkPad,SAP_Acc_244
Name245,Surname245,user245@lviv.polytechnic.ua,QA,Monitor 27',SAP_Acc_245
Name246,Surname246,user246@lviv.polytechnic.ua,QA,MacBook Pro,SAP_Acc_246
Name247,Surname247,user247@lviv.polytechnic.ua,QA,Keyboard,SAP_Acc_247
Name248,Surname248,user248@lviv.polytechnic.ua,DevOps,MacBook Pro,SAP_Acc_248
Name249,Surname249,user249@lviv.polytechnic.ua,DevOps,Keyboard,SAP_Acc_249
Name250,Surname250,user250@lviv.polytechnic.ua,Developer,Keyboard,SAP_Acc_250
Name251,Surname251,user251@lviv.polytechnic.ua,Developer,Monitor 27',SAP_Acc_251
Name252,Surname252,user252@lviv.polytechnic.ua,Designer,Dell XPS,SAP_Acc_252
Name253,Surname253,user253@lviv.polytechnic.ua,QA,Keyboard,SAP_Acc_253
Name254,Surname254,user254@lviv.polytechnic.ua,Developer,MacBook Pro,SAP_Acc_254
Name255,Surname255,user255@lviv.polytechnic.ua,Manager,Dell XPS,SAP_Acc_255
Name256,Surname256,user256@lviv.polytechnic.ua,Designer,Keyboard,SAP_Acc_256
Name257,Surname257,user257@lviv.polytechnic.ua,Designer,Keyboard,SAP_Acc_257
Name258,Surname258,user258@lviv.polytechnic.ua,DevOps,Dell XPS,SAP_Acc_258
Name259,Surname259,user259@lviv.polytechnic.ua,Developer,MacBook Pro,SAP_Acc_259
Name260,Surname260,user260@lviv.polytechnic.ua,Designer,Keyboard,SAP_Acc_260
Name261,Surname261,user261@lviv.polytechnic.ua,QA,Dell XPS,SAP_Acc_261
Name262,Surname262,user262@lviv.polytechnic.ua,Manager,MacBook Pro,SAP_Acc_262
Name263,Surname263,user263@lviv.polytechnic.ua,Designer,ThinkPad,SAP_Acc_263
Name264,Surname264,user264@lviv.polytechnic.ua,Manager,Dell XPS,SAP_Acc_264
Name265,Surname265,user265@lviv.polytechnic.ua,Developer,Dell XPS,SAP_Acc_265
Name266,Surname266,user266@lviv.polytechnic.ua,QA,MacBook Pro,SAP_Acc_266
Name267,Surname267,user267@lviv.polytechnic.ua,QA,Monitor 27',SAP_Acc_267
Name268,Surname268,user268@lviv.polytechnic.ua,QA,Keyboard,SAP_Acc_268
Name269,Surname269,user269@lviv.polytechnic.ua,Designer,ThinkPad,SAP_Acc_269
Name270,Surname270,user270@lviv.polytechnic.ua,Manager,Monitor 27',SAP_Acc_270
Name271,Surname271,user271@lviv.polytechnic.ua,Developer,Dell XPS,SAP_Acc_271
Name272,Surname272,user272@lviv.polytechnic.ua,Designer,ThinkPad,SAP_Acc_272
Name273,Surname273,user273@lviv.polytechnic.ua,QA,ThinkPad,SAP_Acc_273
Name274,Surname274,user274@lviv.polytechnic.ua,Designer,Dell XPS,SAP_Acc_274
Name275,Surname275,user275@lviv.polytechnic.ua,DevOps,Keyboard,SAP_Acc_275
Name276,Surname276,user276@lviv.polytechnic.ua,DevOps,ThinkPad,SAP_Acc_276
Name277,Surname277,user277@lviv.polytechnic.ua,Designer,Keyboard,SAP_Acc_277
Name278,Surname278,user278@lviv.polytechnic.ua,DevOps,MacBook Pro,SAP_Acc_278
Name279,Surname279,user279@lviv.polytechnic.ua,QA,Keyboard,SAP_Acc_279
Name280,Surname280,user280@lviv.polytechnic.ua,Developer,ThinkPad,SAP_Acc_280
Name281,Surname281,user281@lviv.polytechnic.ua,Developer,MacBook Pro,SAP_Acc_281
Name282,Surname282,user282@lviv.polytechnic.ua,Manager,Dell XPS,SAP_Acc_282
Name283,Surname283,user283@lviv.polytechnic.ua,Manager,Keyboard,SAP_Acc_283
Name284,Surname284,user284@lviv.polytechnic.ua,Designer,Monitor 27',SAP_Acc_284
Name285,Surname285,user285@lviv.polytechnic.ua,Designer,Monitor 27',SAP_Acc_285
Name286,Surname286,user286@lviv.polytechnic.ua,Developer,Dell XPS,SAP_Acc_286
Name287,Surname287,user287@lviv.polytechnic.ua,Manager,ThinkPad,SAP_Acc_287
Name288,Surname288,user288@lviv.polytechnic.ua,DevOps,MacBook Pro,SAP_Acc_288
Name289,Surname289,user289@lviv.polytechnic.ua,Manager,Keyboard,SAP_Acc_289
Name290,Surname290,user290@lviv.polytechnic.ua,QA,Dell XPS,SAP_Acc_290
Name291,Surname291,user291@lviv.polytechnic.ua,Designer,Keyboard,SAP_Acc_291
Name292,Surname292,user292@lviv.polytechnic.ua,Developer,Dell XPS,SAP_Acc_292
Name293,Surname293,user293@lviv.polytechnic.ua,Manager,Dell XPS,SAP_Acc_293
Name294,Surname294,user294@lviv.polytechnic.ua,DevOps,Dell XPS,SAP_Acc_294
Name295,Surname295,user295@lviv.polytechnic.ua,DevOps,Keyboard,SAP_Acc_295
Name296,Surname296,user296@lviv.polytechnic.ua,QA,Dell XPS,SAP_Acc_296
Name297,Surname297,user297@lviv.polytechnic.ua,Manager,Monitor 27',SAP_Acc_297
Name298,Surname298,user298@lviv.polytechnic.ua,Designer,Dell XPS,SAP_Acc_298
Name299,Surname299,user299@lviv.polytechnic.ua,Developer,Dell XPS,SAP_Acc_299
Name300,Surname300,user300@lviv.polytechnic.ua,Developer,ThinkPad,SAP_Acc_300
Name301,Surname301,user301@lviv.polytechnic.ua,Developer,MacBook Pro,SAP_Acc_301
Name302,Surname302,user302@lviv.polytechnic.ua,Manager,MacBook Pro,SAP_Acc_302
Name303,Surname303,user303@lviv.polytechnic.ua,Manager,Monitor 27',SAP_Acc_303
Name304,Surname304,user304@lviv.polytechnic.ua,Developer,Dell XPS,SAP_Acc_304
Name305,Surname305,user305@lviv.polytechnic.ua,DevOps,ThinkPad,SAP_Acc_305
Name306,Surname306,user306@lviv.polytechnic.ua,QA,ThinkPad,SAP_Acc_306
Name307,Surname307,user307@lviv.polytechnic.ua,QA,MacBook Pro,SAP_Acc_307
Name308,Surname308,user308@lviv.polytechnic.ua,QA,Dell XPS,SAP_Acc_308
Name309,Surname309,user309@lviv.polytechnic.ua,Developer,Dell XPS,SAP_Acc_309
Name310,Surname310,user310@lviv.polytechnic.ua,DevOps,Keyboard,SAP_Acc_310
Name311,Surname311,user311@lviv.polytechnic.ua,Designer,Dell XPS,SAP_Acc_311
Name312,Surname312,user312@lviv.polytechnic.ua,Developer,Keyboard,SAP_Acc_312
Name313,Surname313,user313@lviv.polytechnic.ua,QA,Keyboard,SAP_Acc_313
Name314,Surname314,user314@lviv.polytechnic.ua,Developer,MacBook Pro,SAP_Acc_314
Name315,Surname315,user315@lviv.polytechnic.ua,QA,Dell XPS,SAP_Acc_315
Name316,Surname316,user316@lviv.polytechnic.ua,Developer,ThinkPad,SAP_Acc_316
Name317,Surname317,user317@lviv.polytechnic.ua,DevOps,Dell XPS,SAP_Acc_317
Name318,Surname318,user318@lviv.polytechnic.ua,Developer,ThinkPad,SAP_Acc_318
Name319,Surname319,user319@lviv.polytechnic.ua,Developer,ThinkPad,SAP_Acc_319
Name320,Surname320,user320@lviv.polytechnic.ua,Designer,Dell XPS,SAP_Acc_320
Name321,Surname321,user321@lviv.polytechnic.ua,Developer,Dell XPS,SAP_Acc_321
Name322,Surname322,user322@lviv.polytechnic.ua,Developer,Keyboard,SAP_Acc_322
Name323,Surname323,user323@lviv.polytechnic.ua,DevOps,Keyboard,SAP_Acc_323
Name324,Surname324,user324@lviv.polytechnic.ua,QA,Dell XPS,SAP_Acc_324
Name325,Surname325,user325@lviv.polytechnic.ua,Developer,ThinkPad,SAP_Acc_325
Name326,Surname326,user326@lviv.polytechnic.ua,Manager,ThinkPad,SAP_Acc_326
Name327,Surname327,user327@lviv.polytechnic.ua,QA,Monitor 27',SAP_Acc_327
Name328,Surname328,user328@lviv.polytechnic.ua,DevOps,Keyboard,SAP_Acc_328
Name329,Surname329,user329@lviv.polytechnic.ua,Developer,ThinkPad,SAP_Acc_329
Name330,Surname330,user330@lviv.polytechnic.ua,QA,MacBook Pro,SAP_Acc_330
Name331,Surname331,user331@lviv.polytechnic.ua,Manager,ThinkPad,SAP_Acc_331
Name332,Surname332,user332@lviv.polytechnic.ua,Manager,Dell XPS,SAP_Acc_332
Name333,Surname333,user333@lviv.polytechnic.ua,Designer,MacBook Pro,SAP_Acc_333
Name334,Surname334,user334@lviv.polytechnic.ua,Developer,Dell XPS,SAP_Acc_334
Name335,Surname335,user335@lviv.polytechnic.ua,Developer,MacBook Pro,SAP_Acc_335
Name336,Surname336,user336@lviv.polytechnic.ua,Developer,ThinkPad,SAP_Acc_336
Name337,Surname337,user337@lviv.polytechnic.ua,Designer,ThinkPad,SAP_Acc_337
Name338,Surname338,user338@lviv.polytechnic.ua,Developer,ThinkPad,SAP_Acc_338
Name339,Surname339,user339@lviv.polytechnic.ua,DevOps,Monitor 27',SAP_Acc_339
Name340,Surname340,user340@lviv.polytechnic.ua,DevOps,Keyboard,SAP_Acc_340
Name341,Surname341,user341@lviv.polytechnic.ua,Designer,Keyboard,SAP_Acc_341
Name342,Surname342,user342@lviv.polytechnic.ua,Designer,MacBook Pro,SAP_Acc_342
Name343,Surname343,user343@lviv.polytechnic.ua,Developer,Monitor 27',SAP_Acc_343
Name344,Surname344,user344@lviv.polytechnic.ua,QA,ThinkPad,SAP_Acc_344
Name345,Surname345,user345@lviv.polytechnic.ua,Developer,Monitor 27',SAP_Acc_345
Name346,Surname346,user346@lviv.polytechnic.ua,Manager,Monitor 27',SAP_Acc_346
Name347,Surname347,user347@lviv.polytechnic.ua,Manager,Monitor 27',SAP_Acc_347
Name348,Surname348,user348@lviv.polytechnic.ua,Manager,ThinkPad,SAP_Acc_348
Name349,Surname349,user349@lviv.polytechnic.ua,Developer,Monitor 27',SAP_Acc_349
Name350,Surname350,user350@lviv.polytechnic.ua,QA,ThinkPad,SAP_Acc_350
Name351,Surname351,user351@lviv.polytechnic.ua,Manager,Monitor 27',SAP_Acc_351
Name352,Surname352,user352@lviv.polytechnic.ua,Developer,MacBook Pro,SAP_Acc_352
Name353,Surname353,user353@lviv.polytechnic.ua,QA,Monitor 27',SAP_Acc_353
Name354,Surname354,user354@lviv.polytechnic.ua,Manager,ThinkPad,SAP_Acc_354
Name355,Surname355,user355@lviv.polytechnic.ua,QA,MacBook Pro,SAP_Acc_355
Name356,Surname356,user356@lviv.polytechnic.ua,DevOps,ThinkPad,SAP_Acc_356
Name357,Surname357,user357@lviv.polytechnic.ua,DevOps,Keyboard,SAP_Acc_357
Name358,Surname358,user358@lviv.polytechnic.ua,Developer,Keyboard,SAP_Acc_358
Name359,Surname359,user359@lviv.polytechnic.ua,Developer,Keyboard,SAP_Acc_359
Name360,Surname360,user360@lviv.polytechnic.ua,Manager,ThinkPad,SAP_Acc_360
Name361,Surname361,user361@lviv.polytechnic.ua,Designer,MacBook Pro,SAP_Acc_361
Name362,Surname362,user362@lviv.polytechnic.ua,Designer,MacBook Pro,SAP_Acc_362
Name363,Surname363,user363@lviv.polytechnic.ua,DevOps,ThinkPad,SAP_Acc_363
Name364,Surname364,user364@lviv.polytechnic.ua,Manager,Dell XPS,SAP_Acc_364
Name365,Surname365,user365@lviv.polytechnic.ua,Designer,Monitor 27',SAP_Acc_365
Name366,Surname366,user366@lviv.polytechnic.ua,Manager,ThinkPad,SAP_Acc_366
Name367,Surname367,user367@lviv.polytechnic.ua,Designer,Dell XPS,SAP_Acc_367
Name368,Surname368,user368@lviv.polytechnic.ua,DevOps,ThinkPad,SAP_Acc_368
Name369,Surname369,user369@lviv.polytechnic.ua,QA,Dell XPS,SAP_Acc_369
Name370,Surname370,user370@lviv.polytechnic.ua,QA,ThinkPad,SAP_Acc_370
Name371,Surname371,user371@lviv.polytechnic.ua,QA,ThinkPad,SAP_Acc_371
Name372,Surname372,user372@lviv.polytechnic.ua,Manager,Monitor 27',SAP_Acc_372
Name373,Surname373,user373@lviv.polytechnic.ua,DevOps,Keyboard,SAP_Acc_373
Name374,Surname374,user374@lviv.polytechnic.ua,DevOps,Keyboard,SAP_Acc_374
Name375,Surname375,user375@lviv.polytechnic.ua,Designer,Dell XPS,SAP_Acc_375
Name376,Surname376,user376@lviv.polytechnic.ua,DevOps,Monitor 27',SAP_Acc_376
Name377,Surname377,user377@lviv.polytechnic.ua,QA,Dell XPS,SAP_Acc_377
Name378,Surname378,user378@lviv.polytechnic.ua,DevOps,Keyboard,SAP_Acc_378
Name379,Surname379,user379@lviv.polytechnic.ua,QA,Monitor 27',SAP_Acc_379
Name380,Surname380,user380@lviv.polytechnic.ua,QA,ThinkPad,SAP_Acc_380
Name381,Surname381,user381@lviv.polytechnic.ua,QA,Monitor 27',SAP_Acc_381
Name382,Surname382,user382@lviv.polytechnic.ua,Manager,MacBook Pro,SAP_Acc_382
Name383,Surname383,user383@lviv.polytechnic.ua,DevOps,Dell XPS,SAP_Acc_383
Name384,Surname384,user384@lviv.polytechnic.ua,QA,ThinkPad,SAP_Acc_384
Name385,Surname385,user385@lviv.polytechnic.ua,QA,Monitor 27',SAP_Acc_385
Name386,Surname386,user386@lviv.polytechnic.ua,DevOps,ThinkPad,SAP_Acc_386
Name387,Surname387,user387@lviv.polytechnic.ua,QA,MacBook Pro,SAP_Acc_387
Name388,Surname388,user388@lviv.polytechnic.ua,QA,Keyboard,SAP_Acc_388
Name389,Surname389,user389@lviv.polytechnic.ua,Manager,Dell XPS,SAP_Acc_389
Name390,Surname390,user390@lviv.polytechnic.ua,Developer,Keyboard,SAP_Acc_390
Name391,Surname391,user391@lviv.polytechnic.ua,QA,Monitor 27',SAP_Acc_391
Name392,Surname392,user392@lviv.polytechnic.ua,DevOps,Keyboard,SAP_Acc_392
Name393,Surname393,user393@lviv.polytechnic.ua,Designer,MacBook Pro,SAP_Acc_393
Name394,Surname394,user394@lviv.polytechnic.ua,Manager,Monitor 27',SAP_Acc_394
Name395,Surname395,user395@lviv.polytechnic.ua,DevOps,Keyboard,SAP_Acc_395
Name396,Surname396,user396@lviv.polytechnic.ua,Developer,Monitor 27',SAP_Acc_396
Name397,Surname397,user397@lviv.polytechnic.ua,Developer,Dell XPS,SAP_Acc_397
Name398,Surname398,user398@lviv.polytechnic.ua,DevOps,Dell XPS,SAP_Acc_398
Name399,Surname399,user399@lviv.polytechnic.ua,Designer,ThinkPad,SAP_Acc_399
Name400,Surname400,user400@lviv.polytechnic.ua,Designer,MacBook Pro,SAP_Acc_400
Name401,Surname401,user401@lviv.polytechnic.ua,Manager,MacBook Pro,SAP_Acc_401
Name402,Surname402,user402@lviv.polytechnic.ua,Manager,Dell XPS,SAP_Acc_402
Name403,Surname403,user403@lviv.polytechnic.ua,Designer,Dell XPS,SAP_Acc_403
Name404,Surname404,user404@lviv.polytechnic.ua,Designer,Monitor 27',SAP_Acc_404
Name405,Surname405,user405@lviv.polytechnic.ua,QA,MacBook Pro,SAP_Acc_405
Name406,Surname406,user406@lviv.polytechnic.ua,Manager,Dell XPS,SAP_Acc_406
Name407,Surname407,user407@lviv.polytechnic.ua,Developer,MacBook Pro,SAP_Acc_407
Name408,Surname408,user408@lviv.polytechnic.ua,Manager,Monitor 27',SAP_Acc_408
Name409,Surname409,user409@lviv.polytechnic.ua,Developer,Dell XPS,SAP_Acc_409
Name410,Surname410,user410@lviv.polytechnic.ua,Developer,ThinkPad,SAP_Acc_410
Name411,Surname411,user411@lviv.polytechnic.ua,DevOps,Monitor 27',SAP_Acc_411
Name412,Surname412,user412@lviv.polytechnic.ua,Developer,ThinkPad,SAP_Acc_412
Name413,Surname413,user413@lviv.polytechnic.ua,Manager,MacBook Pro,SAP_Acc_413
Name414,Surname414,user414@lviv.polytechnic.ua,Manager,Keyboard,SAP_Acc_414
Name415,Surname415,user415@lviv.polytechnic.ua,DevOps,Dell XPS,SAP_Acc_415
Name416,Surname416,user416@lviv.polytechnic.ua,Manager,Dell XPS,SAP_Acc_416
Name417,Surname417,user417@lviv.polytechnic.ua,Manager,Monitor 27',SAP_Acc_417
Name418,Surname418,user418@lviv.polytechnic.ua,Manager,Keyboard,SAP_Acc_418
Name419,Surname419,user419@lviv.polytechnic.ua,Manager,MacBook Pro,SAP_Acc_419
Name420,Surname420,user420@lviv.polytechnic.ua,Developer,ThinkPad,SAP_Acc_420
Name421,Surname421,user421@lviv.polytechnic.ua,Manager,Keyboard,SAP_Acc_421
Name422,Surname422,user422@lviv.polytechnic.ua,Developer,Monitor 27',SAP_Acc_422
Name423,Surname423,user423@lviv.polytechnic.ua,QA,Monitor 27',SAP_Acc_423
Name424,Surname424,user424@lviv.polytechnic.ua,Manager,Monitor 27',SAP_Acc_424
Name425,Surname425,user425@lviv.polytechnic.ua,Designer,Monitor 27',SAP_Acc_425
Name426,Surname426,user426@lviv.polytechnic.ua,Designer,MacBook Pro,SAP_Acc_426
Name427,Surname427,user427@lviv.polytechnic.ua,Developer,MacBook Pro,SAP_Acc_427
Name428,Surname428,user428@lviv.polytechnic.ua,Developer,Dell XPS,SAP_Acc_428
Name429,Surname429,user429@lviv.polytechnic.ua,DevOps,MacBook Pro,SAP_Acc_429
Name430,Surname430,user430@lviv.polytechnic.ua,Designer,Dell XPS,SAP_Acc_430
Name431,Surname431,user431@lviv.polytechnic.ua,QA,Keyboard,SAP_Acc_431
Name432,Surname432,user432@lviv.polytechnic.ua,QA,Keyboard,SAP_Acc_432
Name433,Surname433,user433@lviv.polytechnic.ua,Designer,Keyboard,SAP_Acc_433
Name434,Surname434,user434@lviv.polytechnic.ua,Developer,Monitor 27',SAP_Acc_434
Name435,Surname435,user435@lviv.polytechnic.ua,QA,Monitor 27',SAP_Acc_435
Name436,Surname436,user436@lviv.polytechnic.ua,Manager,MacBook Pro,SAP_Acc_436
Name437,Surname437,user437@lviv.polytechnic.ua,Developer,Monitor 27',SAP_Acc_437
Name438,Surname438,user438@lviv.polytechnic.ua,QA,Monitor 27',SAP_Acc_438
Name439,Surname439,user439@lviv.polytechnic.ua,Designer,MacBook Pro,SAP_Acc_439
Name440,Surname440,user440@lviv.polytechnic.ua,Designer,Dell XPS,SAP_Acc_440
Name441,Surname441,user441@lviv.polytechnic.ua,Designer,MacBook Pro,SAP_Acc_441
Name442,Surname442,user442@lviv.polytechnic.ua,QA,ThinkPad,SAP_Acc_442
Name443,Surname443,user443@lviv.polytechnic.ua,QA,MacBook Pro,SAP_Acc_443
Name444,Surname444,user444@lviv.polytechnic.ua,Manager,Monitor 27',SAP_Acc_444
Name445,Surname445,user445@lviv.polytechnic.ua,DevOps,Monitor 27',SAP_Acc_445
Name446,Surname446,user446@lviv.polytechnic.ua,DevOps,Dell XPS,SAP_Acc_446
Name447,Surname447,user447@lviv.polytechnic.ua,Developer,Keyboard,SAP_Acc_447
Name448,Surname448,user448@lviv.polytechnic.ua,QA,MacBook Pro,SAP_Acc_448
Name449,Surname449,user449@lviv.polytechnic.ua,DevOps,Monitor 27',SAP_Acc_449
Name450,Surname450,user450@lviv.polytechnic.ua,QA,MacBook Pro,SAP_Acc_450
Name451,Surname451,user451@lviv.polytechnic.ua,Manager,ThinkPad,SAP_Acc_451
Name452,Surname452,user452@lviv.polytechnic.ua,DevOps,Keyboard,SAP_Acc_452
Name453,Surname453,user453@lviv.polytechnic.ua,Developer,MacBook Pro,SAP_Acc_453
Name454,Surname454,user454@lviv.polytechnic.ua,Designer,MacBook Pro,SAP_Acc_454
Name455,Surname455,user455@lviv.polytechnic.ua,Developer,Keyboard,SAP_Acc_455
Name456,Surname456,user456@lviv.polytechnic.ua,Manager,Keyboard,SAP_Acc_456
Name457,Surname457,user457@lviv.polytechnic.ua,Designer,Keyboard,SAP_Acc_457
Name458,Surname458,user458@lviv.polytechnic.ua,Manager,Keyboard,SAP_Acc_458
Name459,Surname459,user459@lviv.polytechnic.ua,Manager,Dell XPS,SAP_Acc_459
Name460,Surname460,user460@lviv.polytechnic.ua,QA,MacBook Pro,SAP_Acc_460
Name461,Surname461,user461@lviv.polytechnic.ua,DevOps,Keyboard,SAP_Acc_461
Name462,Surname462,user462@lviv.polytechnic.ua,DevOps,Monitor 27',SAP_Acc_462
Name463,Surname463,user463@lviv.polytechnic.ua,Manager,MacBook Pro,SAP_Acc_463
Name464,Surname464,user464@lviv.polytechnic.ua,Designer,MacBook Pro,SAP_Acc_464
Name465,Surname465,user465@lviv.polytechnic.ua,QA,Monitor 27',SAP_Acc_465
Name466,Surname466,user466@lviv.polytechnic.ua,QA,Dell XPS,SAP_Acc_466
Name467,Surname467,user467@lviv.polytechnic.ua,QA,MacBook Pro,SAP_Acc_467
Name468,Surname468,user468@lviv.polytechnic.ua,QA,ThinkPad,SAP_Acc_468
Name469,Surname469,user469@lviv.polytechnic.ua,Designer,Dell XPS,SAP_Acc_469
Name470,Surname470,user470@lviv.polytechnic.ua,Designer,Monitor 27',SAP_Acc_470
Name471,Surname471,user471@lviv.polytechnic.ua,Designer,MacBook Pro,SAP_Acc_471
Name472,Surname472,user472@lviv.polytechnic.ua,Designer,Keyboard,SAP_Acc_472
Name473,Surname473,user473@lviv.polytechnic.ua,DevOps,MacBook Pro,SAP_Acc_473
Name474,Surname474,user474@lviv.polytechnic.ua,QA,Keyboard,SAP_Acc_474
Name475,Surname475,user475@lviv.polytechnic.ua,Manager,MacBook Pro,SAP_Acc_475
Name476,Surname476,user476@lviv.polytechnic.ua,DevOps,Keyboard,SAP_Acc_476
Name477,Surname477,user477@lviv.polytechnic.ua,Manager,Keyboard,SAP_Acc_477
Name478,Surname478,user478@lviv.polytechnic.ua,QA,ThinkPad,SAP_Acc_478
Name479,Surname479,user479@lviv.polytechnic.ua,DevOps,Monitor 27',SAP_Acc_479
Name480,Surname480,user480@lviv.polytechnic.ua,Manager,Monitor 27',SAP_Acc_480
Name481,Surname481,user481@lviv.polytechnic.ua,QA,ThinkPad,SAP_Acc_481
Name482,Surname482,user482@lviv.polytechnic.ua,DevOps,ThinkPad,SAP_Acc_482
Name483,Surname483,user483@lviv.polytechnic.ua,QA,Dell XPS,SAP_Acc_483
Name484,Surname484,user484@lviv.polytechnic.ua,Designer,MacBook Pro,SAP_Acc_484
Name485,Surname485,user485@lviv.polytechnic.ua,Manager,MacBook Pro,SAP_Acc_485
Name486,Surname486,user486@lviv.polytechnic.ua,Designer,ThinkPad,SAP_Acc_486
Name487,Surname487,user487@lviv.polytechnic.ua,Manager,Monitor 27',SAP_Acc_487
Name488,Surname488,user488@lviv.polytechnic.ua,Manager,Monitor 27',SAP_Acc_488
Name489,Surname489,user489@lviv.polytechnic.ua,Manager,Keyboard,SAP_Acc_489
Name490,Surname490,user490@lviv.polytechnic.ua,QA,Monitor 27',SAP_Acc_490
Name491,Surname491,user491@lviv.polytechnic.ua,Designer,Monitor 27',SAP_Acc_491
Name492,Surname492,user492@lviv.polytechnic.ua,Developer,Dell XPS,SAP_Acc_492
Name493,Surname493,user493@lviv.polytechnic.ua,QA,ThinkPad,SAP_Acc_493
Name494,Surname494,user494@lviv.polytechnic.ua,QA,Monitor 27',SAP_Acc_494
Name495,Surname495,user495@lviv.polytechnic.ua,Designer,ThinkPad,SAP_Acc_495
Name496,Surname496,user496@lviv.polytechnic.ua,QA,Monitor 27',SAP_Acc_496
Name497,Surname497,user497@lviv.polytechnic.ua,Designer,Monitor 27',SAP_Acc_497
Name498,Surname498,user498@lviv.polytechnic.ua,Manager,Dell XPS,SAP_Acc_498
Name499,Surname499,user499@lviv.polytechnic.ua,DevOps,Monitor 27',SAP_Acc_499
Name500,Surname500,user500@lviv.polytechnic.ua,Developer,ThinkPad,SAP_Acc_500
Name501,Surname501,user501@lviv.polytechnic.ua,Developer,Monitor 27',SAP_Acc_501
Name502,Surname502,user502@lviv.polytechnic.ua,Manager,ThinkPad,SAP_Acc_502
Name503,Surname503,user503@lviv.polytechnic.ua,Developer,MacBook Pro,SAP_Acc_503
Name504,Surname504,user504@lviv.polytechnic.ua,Developer,ThinkPad,SAP_Acc_504
Name505,Surname505,user505@lviv.polytechnic.ua,Developer,Keyboard,SAP_Acc_505
Name506,Surname506,user506@lviv.polytechnic.ua,Developer,Keyboard,SAP_Acc_506
Name507,Surname507,user507@lviv.polytechnic.ua,DevOps,ThinkPad,SAP_Acc_507
Name508,Surname508,user508@lviv.polytechnic.ua,Designer,Monitor 27',SAP_Acc_508
Name509,Surname509,user509@lviv.polytechnic.ua,Developer,ThinkPad,SAP_Acc_509
Name510,Surname510,user510@lviv.polytechnic.ua,Developer,Monitor 27',SAP_Acc_510
Name511,Surname511,user511@lviv.polytechnic.ua,QA,Keyboard,SAP_Acc_511
Name512,Surname512,user512@lviv.polytechnic.ua,Manager,MacBook Pro,SAP_Acc_512
Name513,Surname513,user513@lviv.polytechnic.ua,Developer,Monitor 27',SAP_Acc_513
Name514,Surname514,user514@lviv.polytechnic.ua,Designer,Keyboard,SAP_Acc_514
Name515,Surname515,user515@lviv.polytechnic.ua,Developer,MacBook Pro,SAP_Acc_515
Name516,Surname516,user516@lviv.polytechnic.ua,Designer,ThinkPad,SAP_Acc_516
Name517,Surname517,user517@lviv.polytechnic.ua,QA,ThinkPad,SAP_Acc_517
Name518,Surname518,user518@lviv.polytechnic.ua,Developer,Dell XPS,SAP_Acc_518
Name519,Surname519,user519@lviv.polytechnic.ua,DevOps,Monitor 27',SAP_Acc_519
Name520,Surname520,user520@lviv.polytechnic.ua,QA,Keyboard,SAP_Acc_520
Name521,Surname521,user521@lviv.polytechnic.ua,Developer,Dell XPS,SAP_Acc_521
Name522,Surname522,user522@lviv.polytechnic.ua,Developer,Dell XPS,SAP_Acc_522
Name523,Surname523,user523@lviv.polytechnic.ua,Manager,ThinkPad,SAP_Acc_523
Name524,Surname524,user524@lviv.polytechnic.ua,Manager,MacBook Pro,SAP_Acc_524
Name525,Surname525,user525@lviv.polytechnic.ua,Manager,Dell XPS,SAP_Acc_525
Name526,Surname526,user526@lviv.polytechnic.ua,QA,ThinkPad,SAP_Acc_526
Name527,Surname527,user527@lviv.polytechnic.ua,Developer,MacBook Pro,SAP_Acc_527
Name528,Surname528,user528@lviv.polytechnic.ua,Developer,ThinkPad,SAP_Acc_528
Name529,Surname529,user529@lviv.polytechnic.ua,Designer,Keyboard,SAP_Acc_529
Name530,Surname530,user530@lviv.polytechnic.ua,Developer,ThinkPad,SAP_Acc_530
Name531,Surname531,user531@lviv.polytechnic.ua,Manager,MacBook Pro,SAP_Acc_531
Name532,Surname532,user532@lviv.polytechnic.ua,Developer,Keyboard,SAP_Acc_532
Name533,Surname533,user533@lviv.polytechnic.ua,Manager,MacBook Pro,SAP_Acc_533
Name534,Surname534,user534@lviv.polytechnic.ua,Manager,Monitor 27',SAP_Acc_534
Name535,Surname535,user535@lviv.polytechnic.ua,Developer,Keyboard,SAP_Acc_535
Name536,Surname536,user536@lviv.polytechnic.ua,QA,Keyboard,SAP_Acc_536
Name537,Surname537,user537@lviv.polytechnic.ua,QA,Monitor 27',SAP_Acc_537
Name538,Surname538,user538@lviv.polytechnic.ua,Developer,MacBook Pro,SAP_Acc_538
Name539,Surname539,user539@lviv.polytechnic.ua,DevOps,Keyboard,SAP_Acc_539
Name540,Surname540,user540@lviv.polytechnic.ua,Manager,Keyboard,SAP_Acc_540
Name541,Surname541,user541@lviv.polytechnic.ua,Manager,MacBook Pro,SAP_Acc_541
Name542,Surname542,user542@lviv.polytechnic.ua,Designer,ThinkPad,SAP_Acc_542
Name543,Surname543,user543@lviv.polytechnic.ua,DevOps,MacBook Pro,SAP_Acc_543
Name544,Surname544,user544@lviv.polytechnic.ua,QA,MacBook Pro,SAP_Acc_544
Name545,Surname545,user545@lviv.polytechnic.ua,QA,ThinkPad,SAP_Acc_545
Name546,Surname546,user546@lviv.polytechnic.ua,QA,Monitor 27',SAP_Acc_546
Name547,Surname547,user547@lviv.polytechnic.ua,Manager,Dell XPS,SAP_Acc_547
Name548,Surname548,user548@lviv.polytechnic.ua,Developer,Dell XPS,SAP_Acc_548
Name549,Surname549,user549@lviv.polytechnic.ua,Designer,Keyboard,SAP_Acc_549
Name550,Surname550,user550@lviv.polytechnic.ua,Designer,Monitor 27',SAP_Acc_550
Name551,Surname551,user551@lviv.polytechnic.ua,DevOps,Dell XPS,SAP_Acc_551
Name552,Surname552,user552@lviv.polytechnic.ua,Manager,MacBook Pro,SAP_Acc_552
Name553,Surname553,user553@lviv.polytechnic.ua,Manager,Dell XPS,SAP_Acc_553
Name554,Surname554,user554@lviv.polytechnic.ua,Developer,MacBook Pro,SAP_Acc_554
Name555,Surname555,user555@lviv.polytechnic.ua,QA,Monitor 27',SAP_Acc_555
Name556,Surname556,user556@lviv.polytechnic.ua,QA,Dell XPS,SAP_Acc_556
Name557,Surname557,user557@lviv.polytechnic.ua,Developer,Monitor 27',SAP_Acc_557
Name558,Surname558,user558@lviv.polytechnic.ua,DevOps,Monitor 27',SAP_Acc_558
Name559,Surname559,user559@lviv.polytechnic.ua,QA,Dell XPS,SAP_Acc_559
Name560,Surname560,user560@lviv.polytechnic.ua,Developer,ThinkPad,SAP_Acc_560
Name561,Surname561,user561@lviv.polytechnic.ua,Manager,MacBook Pro,SAP_Acc_561
Name562,Surname562,user562@lviv.polytechnic.ua,Developer,MacBook Pro,SAP_Acc_562
Name563,Surname563,user563@lviv.polytechnic.ua,Developer,Keyboard,SAP_Acc_563
Name564,Surname564,user564@lviv.polytechnic.ua,Designer,MacBook Pro,SAP_Acc_564
Name565,Surname565,user565@lviv.polytechnic.ua,QA,Monitor 27',SAP_Acc_565
Name566,Surname566,user566@lviv.polytechnic.ua,DevOps,Keyboard,SAP_Acc_566
Name567,Surname567,user567@lviv.polytechnic.ua,Developer,ThinkPad,SAP_Acc_567
Name568,Surname568,user568@lviv.polytechnic.ua,QA,ThinkPad,SAP_Acc_568
Name569,Surname569,user569@lviv.polytechnic.ua,Designer,Dell XPS,SAP_Acc_569
Name570,Surname570,user570@lviv.polytechnic.ua,Manager,Keyboard,SAP_Acc_570
Name571,Surname571,user571@lviv.polytechnic.ua,QA,ThinkPad,SAP_Acc_571
Name572,Surname572,user572@lviv.polytechnic.ua,Manager,Monitor 27',SAP_Acc_572
Name573,Surname573,user573@lviv.polytechnic.ua,DevOps,MacBook Pro,SAP_Acc_573
Name574,Surname574,user574@lviv.polytechnic.ua,Developer,ThinkPad,SAP_Acc_574
Name575,Surname575,user575@lviv.polytechnic.ua,Manager,Monitor 27',SAP_Acc_575
Name576,Surname576,user576@lviv.polytechnic.ua,Designer,Keyboard,SAP_Acc_576
Name577,Surname577,user577@lviv.polytechnic.ua,Designer,Dell XPS,SAP_Acc_577
Name578,Surname578,user578@lviv.polytechnic.ua,QA,Monitor 27',SAP_Acc_578
Name579,Surname579,user579@lviv.polytechnic.ua,QA,Monitor 27',SAP_Acc_579
Name580,Surname580,user580@lviv.polytechnic.ua,DevOps,MacBook Pro,SAP_Acc_580
Name581,Surname581,user581@lviv.polytechnic.ua,Developer,Monitor 27',SAP_Acc_581
Name582,Surname582,user582@lviv.polytechnic.ua,DevOps,Monitor 27',SAP_Acc_582
Name583,Surname583,user583@lviv.polytechnic.ua,Manager,ThinkPad,SAP_Acc_583
Name584,Surname584,user584@lviv.polytechnic.ua,QA,ThinkPad,SAP_Acc_584
Name585,Surname585,user585@lviv.polytechnic.ua,Designer,Dell XPS,SAP_Acc_585
Name586,Surname586,user586@lviv.polytechnic.ua,Developer,Keyboard,SAP_Acc_586
Name587,Surname587,user587@lviv.polytechnic.ua,Manager,Dell XPS,SAP_Acc_587
Name588,Surname588,user588@lviv.polytechnic.ua,DevOps,MacBook Pro,SAP_Acc_588
Name589,Surname589,user589@lviv.polytechnic.ua,Designer,Keyboard,SAP_Acc_589
Name590,Surname590,user590@lviv.polytechnic.ua,Developer,Dell XPS,SAP_Acc_590
Name591,Surname591,user591@lviv.polytechnic.ua,Developer,MacBook Pro,SAP_Acc_591
Name592,Surname592,user592@lviv.polytechnic.ua,DevOps,MacBook Pro,SAP_Acc_592
Name593,Surname593,user593@lviv.polytechnic.ua,DevOps,ThinkPad,SAP_Acc_593
Name594,Surname594,user594@lviv.polytechnic.ua,Developer,Monitor 27',SAP_Acc_594
Name595,Surname595,user595@lviv.polytechnic.ua,DevOps,Monitor 27',SAP_Acc_595
Name596,Surname596,user596@lviv.polytechnic.ua,Designer,ThinkPad,SAP_Acc_596
Name597,Surname597,user597@lviv.polytechnic.ua,DevOps,ThinkPad,SAP_Acc_597
Name598,Surname598,user598@lviv.polytechnic.ua,Developer,Keyboard,SAP_Acc_598
Name599,Surname599,user599@lviv.polytechnic.ua,Developer,Monitor 27',SAP_Acc_599
Name600,Surname600,user600@lviv.polytechnic.ua,QA,Keyboard,SAP_Acc_600
Name601,Surname601,user601@lviv.polytechnic.ua,Developer,ThinkPad,SAP_Acc_601
Name602,Surname602,user602@lviv.polytechnic.ua,Designer,ThinkPad,SAP_Acc_602
Name603,Surname603,user603@lviv.polytechnic.ua,Manager,Monitor 27',SAP_Acc_603
Name604,Surname604,user604@lviv.polytechnic.ua,Developer,Dell XPS,SAP_Acc_604
Name605,Surname605,user605@lviv.polytechnic.ua,Designer,Monitor 27',SAP_Acc_605
Name606,Surname606,user606@lviv.polytechnic.ua,QA,Keyboard,SAP_Acc_606
Name607,Surname607,user607@lviv.polytechnic.ua,Manager,Keyboard,SAP_Acc_607
Name608,Surname608,user608@lviv.polytechnic.ua,DevOps,Dell XPS,SAP_Acc_608
Name609,Surname609,user609@lviv.polytechnic.ua,QA,Monitor 27',SAP_Acc_609
Name610,Surname610,user610@lviv.polytechnic.ua,Manager,Keyboard,SAP_Acc_610
Name611,Surname611,user611@lviv.polytechnic.ua,Manager,ThinkPad,SAP_Acc_611
Name612,Surname612,user612@lviv.polytechnic.ua,Manager,Dell XPS,SAP_Acc_612
Name613,Surname613,user613@lviv.polytechnic.ua,DevOps,Dell XPS,SAP_Acc_613
Name614,Surname614,user614@lviv.polytechnic.ua,Developer,Dell XPS,SAP_Acc_614
Name615,Surname615,user615@lviv.polytechnic.ua,DevOps,ThinkPad,SAP_Acc_615
Name616,Surname616,user616@lviv.polytechnic.ua,Manager,MacBook Pro,SAP_Acc_616
Name617,Surname617,user617@lviv.polytechnic.ua,Manager,Keyboard,SAP_Acc_617
Name618,Surname618,user618@lviv.polytechnic.ua,Designer,Monitor 27',SAP_Acc_618
Name619,Surname619,user619@lviv.polytechnic.ua,DevOps,MacBook Pro,SAP_Acc_619
Name620,Surname620,user620@lviv.polytechnic.ua,Developer,Monitor 27',SAP_Acc_620
Name621,Surname621,user621@lviv.polytechnic.ua,QA,Keyboard,SAP_Acc_621
Name622,Surname622,user622@lviv.polytechnic.ua,QA,ThinkPad,SAP_Acc_622
Name623,Surname623,user623@lviv.polytechnic.ua,Manager,Dell XPS,SAP_Acc_623
Name624,Surname624,user624@lviv.polytechnic.ua,Designer,Monitor 27',SAP_Acc_624
Name625,Surname625,user625@lviv.polytechnic.ua,Manager,Monitor 27',SAP_Acc_625
Name626,Surname626,user626@lviv.polytechnic.ua,QA,MacBook Pro,SAP_Acc_626
Name627,Surname627,user627@lviv.polytechnic.ua,Designer,Dell XPS,SAP_Acc_627
Name628,Surname628,user628@lviv.polytechnic.ua,Designer,MacBook Pro,SAP_Acc_628
Name629,Surname629,user629@lviv.polytechnic.ua,Developer,Monitor 27',SAP_Acc_629
Name630,Surname630,user630@lviv.polytechnic.ua,QA,Monitor 27',SAP_Acc_630
Name631,Surname631,user631@lviv.polytechnic.ua,DevOps,Monitor 27',SAP_Acc_631
Name632,Surname632,user632@lviv.polytechnic.ua,DevOps,MacBook Pro,SAP_Acc_632
Name633,Surname633,user633@lviv.polytechnic.ua,Developer,Dell XPS,SAP_Acc_633
Name634,Surname634,user634@lviv.polytechnic.ua,Developer,Dell XPS,SAP_Acc_634
Name635,Surname635,user635@lviv.polytechnic.ua,Manager,ThinkPad,SAP_Acc_635
Name636,Surname636,user636@lviv.polytechnic.ua,DevOps,Keyboard,SAP_Acc_636
Name637,Surname637,user637@lviv.polytechnic.ua,Manager,Monitor 27',SAP_Acc_637
Name638,Surname638,user638@lviv.polytechnic.ua,Designer,Dell XPS,SAP_Acc_638
Name639,Surname639,user639@lviv.polytechnic.ua,Developer,Monitor 27',SAP_Acc_639
Name640,Surname640,user640@lviv.polytechnic.ua,QA,Dell XPS,SAP_Acc_640
Name641,Surname641,user641@lviv.polytechnic.ua,Developer,Dell XPS,SAP_Acc_641
Name642,Surname642,user642@lviv.polytechnic.ua,Designer,Keyboard,SAP_Acc_642
Name643,Surname643,user643@lviv.polytechnic.ua,Designer,ThinkPad,SAP_Acc_643
Name644,Surname644,user644@lviv.polytechnic.ua,Manager,Monitor 27',SAP_Acc_644
Name645,Surname645,user645@lviv.polytechnic.ua,Designer,Monitor 27',SAP_Acc_645
Name646,Surname646,user646@lviv.polytechnic.ua,Developer,Keyboard,SAP_Acc_646
Name647,Surname647,user647@lviv.polytechnic.ua,QA,Keyboard,SAP_Acc_647
Name648,Surname648,user648@lviv.polytechnic.ua,DevOps,Keyboard,SAP_Acc_648
Name649,Surname649,user649@lviv.polytechnic.ua,DevOps,MacBook Pro,SAP_Acc_649
Name650,Surname650,user650@lviv.polytechnic.ua,Manager,Keyboard,SAP_Acc_650
Name651,Surname651,user651@lviv.polytechnic.ua,Manager,Dell XPS,SAP_Acc_651
Name652,Surname652,user652@lviv.polytechnic.ua,DevOps,MacBook Pro,SAP_Acc_652
Name653,Surname653,user653@lviv.polytechnic.ua,Designer,Dell XPS,SAP_Acc_653
Name654,Surname654,user654@lviv.polytechnic.ua,Designer,Keyboard,SAP_Acc_654
Name655,Surname655,user655@lviv.polytechnic.ua,Designer,Keyboard,SAP_Acc_655
Name656,Surname656,user656@lviv.polytechnic.ua,Developer,Dell XPS,SAP_Acc_656
Name657,Surname657,user657@lviv.polytechnic.ua,QA,Monitor 27',SAP_Acc_657
Name658,Surname658,user658@lviv.polytechnic.ua,DevOps,Monitor 27',SAP_Acc_658
Name659,Surname659,user659@lviv.polytechnic.ua,Designer,MacBook Pro,SAP_Acc_659
Name660,Surname660,user660@lviv.polytechnic.ua,QA,Dell XPS,SAP_Acc_660
Name661,Surname661,user661@lviv.polytechnic.ua,Developer,ThinkPad,SAP_Acc_661
Name662,Surname662,user662@lviv.polytechnic.ua,DevOps,MacBook Pro,SAP_Acc_662
Name663,Surname663,user663@lviv.polytechnic.ua,Designer,Dell XPS,SAP_Acc_663
Name664,Surname664,user664@lviv.polytechnic.ua,DevOps,Dell XPS,SAP_Acc_664
Name665,Surname665,user665@lviv.polytechnic.ua,Developer,Monitor 27',SAP_Acc_665
Name666,Surname666,user666@lviv.polytechnic.ua,Manager,Keyboard,SAP_Acc_666
Name667,Surname667,user667@lviv.polytechnic.ua,DevOps,Monitor 27',SAP_Acc_667
Name668,Surname668,user668@lviv.polytechnic.ua,DevOps,MacBook Pro,SAP_Acc_668
Name669,Surname669,user669@lviv.polytechnic.ua,Manager,ThinkPad,SAP_Acc_669
Name670,Surname670,user670@lviv.polytechnic.ua,Manager,Keyboard,SAP_Acc_670
Name671,Surname671,user671@lviv.polytechnic.ua,Manager,Keyboard,SAP_Acc_671
Name672,Surname672,user672@lviv.polytechnic.ua,Developer,ThinkPad,SAP_Acc_672
Name673,Surname673,user673@lviv.polytechnic.ua,Designer,Keyboard,SAP_Acc_673
Name674,Surname674,user674@lviv.polytechnic.ua,QA,Monitor 27',SAP_Acc_674
Name675,Surname675,user675@lviv.polytechnic.ua,DevOps,Dell XPS,SAP_Acc_675
Name676,Surname676,user676@lviv.polytechnic.ua,Manager,Dell XPS,SAP_Acc_676
Name677,Surname677,user677@lviv.polytechnic.ua,QA,MacBook Pro,SAP_Acc_677
Name678,Surname678,user678@lviv.polytechnic.ua,QA,Dell XPS,SAP_Acc_678
Name679,Surname679,user679@lviv.polytechnic.ua,Designer,Monitor 27',SAP_Acc_679
Name680,Surname680,user680@lviv.polytechnic.ua,Designer,ThinkPad,SAP_Acc_680
Name681,Surname681,user681@lviv.polytechnic.ua,Manager,ThinkPad,SAP_Acc_681
Name682,Surname682,user682@lviv.polytechnic.ua,QA,Dell XPS,SAP_Acc_682
Name683,Surname683,user683@lviv.polytechnic.ua,Manager,Dell XPS,SAP_Acc_683
Name684,Surname684,user684@lviv.polytechnic.ua,QA,Dell XPS,SAP_Acc_684
Name685,Surname685,user685@lviv.polytechnic.ua,Designer,Dell XPS,SAP_Acc_685
Name686,Surname686,user686@lviv.polytechnic.ua,QA,MacBook Pro,SAP_Acc_686
Name687,Surname687,user687@lviv.polytechnic.ua,DevOps,MacBook Pro,SAP_Acc_687
Name688,Surname688,user688@lviv.polytechnic.ua,Developer,MacBook Pro,SAP_Acc_688
Name689,Surname689,user689@lviv.polytechnic.ua,Designer,MacBook Pro,SAP_Acc_689
Name690,Surname690,user690@lviv.polytechnic.ua,Manager,Monitor 27',SAP_Acc_690
Name691,Surname691,user691@lviv.polytechnic.ua,QA,ThinkPad,SAP_Acc_691
Name692,Surname692,user692@lviv.polytechnic.ua,Developer,MacBook Pro,SAP_Acc_692
Name693,Surname693,user693@lviv.polytechnic.ua,DevOps,Monitor 27',SAP_Acc_693
Name694,Surname694,user694@lviv.polytechnic.ua,Designer,Keyboard,SAP_Acc_694
Name695,Surname695,user695@lviv.polytechnic.ua,Designer,Dell XPS,SAP_Acc_695
Name696,Surname696,user696@lviv.polytechnic.ua,QA,Monitor 27',SAP_Acc_696
Name697,Surname697,user697@lviv.polytechnic.ua,Developer,ThinkPad,SAP_Acc_697
Name698,Surname698,user698@lviv.polytechnic.ua,Developer,MacBook Pro,SAP_Acc_698
Name699,Surname699,user699@lviv.polytechnic.ua,Developer,Keyboard,SAP_Acc_699
Name700,Surname700,user700@lviv.polytechnic.ua,QA,Keyboard,SAP_Acc_700
Name701,Surname701,user701@lviv.polytechnic.ua,Developer,Dell XPS,SAP_Acc_701
Name702,Surname702,user702@lviv.polytechnic.ua,QA,Dell XPS,SAP_Acc_702
Name703,Surname703,user703@lviv.polytechnic.ua,Developer,Keyboard,SAP_Acc_703
Name704,Surname704,user704@lviv.polytechnic.ua,DevOps,Keyboard,SAP_Acc_704
Name705,Surname705,user705@lviv.polytechnic.ua,Developer,MacBook Pro,SAP_Acc_705
Name706,Surname706,user706@lviv.polytechnic.ua,QA,Keyboard,SAP_Acc_706
Name707,Surname707,user707@lviv.polytechnic.ua,Developer,ThinkPad,SAP_Acc_707
Name708,Surname708,user708@lviv.polytechnic.ua,DevOps,Monitor 27',SAP_Acc_708
Name709,Surname709,user709@lviv.polytechnic.ua,Designer,Keyboard,SAP_Acc_709
Name710,Surname710,user710@lviv.polytechnic.ua,Designer,Dell XPS,SAP_Acc_710
Name711,Surname711,user711@lviv.polytechnic.ua,Manager,ThinkPad,SAP_Acc_711
Name712,Surname712,user712@lviv.polytechnic.ua,Manager,Keyboard,SAP_Acc_712
Name713,Surname713,user713@lviv.polytechnic.ua,Manager,Monitor 27',SAP_Acc_713
Name714,Surname714,user714@lviv.polytechnic.ua,Designer,Dell XPS,SAP_Acc_714
Name715,Surname715,user715@lviv.polytechnic.ua,QA,Dell XPS,SAP_Acc_715
Name716,Surname716,user716@lviv.polytechnic.ua,Developer,ThinkPad,SAP_Acc_716
Name717,Surname717,user717@lviv.polytechnic.ua,Designer,Keyboard,SAP_Acc_717
Name718,Surname718,user718@lviv.polytechnic.ua,QA,MacBook Pro,SAP_Acc_718
Name719,Surname719,user719@lviv.polytechnic.ua,Designer,Dell XPS,SAP_Acc_719
Name720,Surname720,user720@lviv.polytechnic.ua,QA,Dell XPS,SAP_Acc_720
Name721,Surname721,user721@lviv.polytechnic.ua,Developer,Keyboard,SAP_Acc_721
Name722,Surname722,user722@lviv.polytechnic.ua,DevOps,ThinkPad,SAP_Acc_722
Name723,Surname723,user723@lviv.polytechnic.ua,Developer,ThinkPad,SAP_Acc_723
Name724,Surname724,user724@lviv.polytechnic.ua,Developer,Keyboard,SAP_Acc_724
Name725,Surname725,user725@lviv.polytechnic.ua,Manager,Keyboard,SAP_Acc_725
Name726,Surname726,user726@lviv.polytechnic.ua,QA,ThinkPad,SAP_Acc_726
Name727,Surname727,user727@lviv.polytechnic.ua,Developer,Monitor 27',SAP_Acc_727
Name728,Surname728,user728@lviv.polytechnic.ua,DevOps,Monitor 27',SAP_Acc_728
Name729,Surname729,user729@lviv.polytechnic.ua,DevOps,Keyboard,SAP_Acc_729
Name730,Surname730,user730@lviv.polytechnic.ua,Designer,Keyboard,SAP_Acc_730
Name731,Surname731,user731@lviv.polytechnic.ua,DevOps,MacBook Pro,SAP_Acc_731
Name732,Surname732,user732@lviv.polytechnic.ua,QA,Monitor 27',SAP_Acc_732
Name733,Surname733,user733@lviv.polytechnic.ua,Developer,Keyboard,SAP_Acc_733
Name734,Surname734,user734@lviv.polytechnic.ua,DevOps,Dell XPS,SAP_Acc_734
Name735,Surname735,user735@lviv.polytechnic.ua,Manager,ThinkPad,SAP_Acc_735
Name736,Surname736,user736@lviv.polytechnic.ua,Developer,ThinkPad,SAP_Acc_736
Name737,Surname737,user737@lviv.polytechnic.ua,Developer,MacBook Pro,SAP_Acc_737
Name738,Surname738,user738@lviv.polytechnic.ua,DevOps,MacBook Pro,SAP_Acc_738
Name739,Surname739,user739@lviv.polytechnic.ua,DevOps,Monitor 27',SAP_Acc_739
Name740,Surname740,user740@lviv.polytechnic.ua,Manager,ThinkPad,SAP_Acc_740
Name741,Surname741,user741@lviv.polytechnic.ua,Developer,Keyboard,SAP_Acc_741
Name742,Surname742,user742@lviv.polytechnic.ua,DevOps,Dell XPS,SAP_Acc_742
Name743,Surname743,user743@lviv.polytechnic.ua,QA,ThinkPad,SAP_Acc_743
Name744,Surname744,user744@lviv.polytechnic.ua,QA,Dell XPS,SAP_Acc_744
Name745,Surname745,user745@lviv.polytechnic.ua,Manager,Monitor 27',SAP_Acc_745
Name746,Surname746,user746@lviv.polytechnic.ua,Manager,MacBook Pro,SAP_Acc_746
Name747,Surname747,user747@lviv.polytechnic.ua,Developer,Dell XPS,SAP_Acc_747
Name748,Surname748,user748@lviv.polytechnic.ua,DevOps,MacBook Pro,SAP_Acc_748
Name749,Surname749,user749@lviv.polytechnic.ua,Developer,MacBook Pro,SAP_Acc_749
Name750,Surname750,user750@lviv.polytechnic.ua,DevOps,Keyboard,SAP_Acc_750
Name751,Surname751,user751@lviv.polytechnic.ua,DevOps,MacBook Pro,SAP_Acc_751
Name752,Surname752,user752@lviv.polytechnic.ua,Designer,MacBook Pro,SAP_Acc_752
Name753,Surname753,user753@lviv.polytechnic.ua,Developer,Keyboard,SAP_Acc_753
Name754,Surname754,user754@lviv.polytechnic.ua,QA,Dell XPS,SAP_Acc_754
Name755,Surname755,user755@lviv.polytechnic.ua,DevOps,Keyboard,SAP_Acc_755
Name756,Surname756,user756@lviv.polytechnic.ua,Developer,Monitor 27',SAP_Acc_756
Name757,Surname757,user757@lviv.polytechnic.ua,QA,Keyboard,SAP_Acc_757
Name758,Surname758,user758@lviv.polytechnic.ua,QA,Dell XPS,SAP_Acc_758
Name759,Surname759,user759@lviv.polytechnic.ua,Designer,MacBook Pro,SAP_Acc_759
Name760,Surname760,user760@lviv.polytechnic.ua,Manager,MacBook Pro,SAP_Acc_760
Name761,Surname761,user761@lviv.polytechnic.ua,Developer,MacBook Pro,SAP_Acc_761
Name762,Surname762,user762@lviv.polytechnic.ua,Manager,MacBook Pro,SAP_Acc_762
Name763,Surname763,user763@lviv.polytechnic.ua,Developer,Dell XPS,SAP_Acc_763
Name764,Surname764,user764@lviv.polytechnic.ua,DevOps,Keyboard,SAP_Acc_764
Name765,Surname765,user765@lviv.polytechnic.ua,DevOps,Keyboard,SAP_Acc_765
Name766,Surname766,user766@lviv.polytechnic.ua,Manager,MacBook Pro,SAP_Acc_766
Name767,Surname767,user767@lviv.polytechnic.ua,QA,Monitor 27',SAP_Acc_767
Name768,Surname768,user768@lviv.polytechnic.ua,Manager,ThinkPad,SAP_Acc_768
Name769,Surname769,user769@lviv.polytechnic.ua,DevOps,Monitor 27',SAP_Acc_769
Name770,Surname770,user770@lviv.polytechnic.ua,Designer,ThinkPad,SAP_Acc_770
Name771,Surname771,user771@lviv.polytechnic.ua,Manager,Keyboard,SAP_Acc_771
Name772,Surname772,user772@lviv.polytechnic.ua,QA,Monitor 27',SAP_Acc_772
Name773,Surname773,user773@lviv.polytechnic.ua,DevOps,Dell XPS,SAP_Acc_773
Name774,Surname774,user774@lviv.polytechnic.ua,Designer,Dell XPS,SAP_Acc_774
Name775,Surname775,user775@lviv.polytechnic.ua,Manager,MacBook Pro,SAP_Acc_775
Name776,Surname776,user776@lviv.polytechnic.ua,Developer,Dell XPS,SAP_Acc_776
Name777,Surname777,user777@lviv.polytechnic.ua,DevOps,ThinkPad,SAP_Acc_777
Name778,Surname778,user778@lviv.polytechnic.ua,Manager,Keyboard,SAP_Acc_778
Name779,Surname779,user779@lviv.polytechnic.ua,QA,Keyboard,SAP_Acc_779
Name780,Surname780,user780@lviv.polytechnic.ua,Designer,ThinkPad,SAP_Acc_780
Name781,Surname781,user781@lviv.polytechnic.ua,Developer,Monitor 27',SAP_Acc_781
Name782,Surname782,user782@lviv.polytechnic.ua,Developer,MacBook Pro,SAP_Acc_782
Name783,Surname783,user783@lviv.polytechnic.ua,DevOps,Monitor 27',SAP_Acc_783
Name784,Surname784,user784@lviv.polytechnic.ua,Manager,Monitor 27',SAP_Acc_784
Name785,Surname785,user785@lviv.polytechnic.ua,Developer,Monitor 27',SAP_Acc_785
Name786,Surname786,user786@lviv.polytechnic.ua,Designer,MacBook Pro,SAP_Acc_786
Name787,Surname787,user787@lviv.polytechnic.ua,DevOps,Dell XPS,SAP_Acc_787
Name788,Surname788,user788@lviv.polytechnic.ua,Manager,ThinkPad,SAP_Acc_788
Name789,Surname789,user789@lviv.polytechnic.ua,Designer,Monitor 27',SAP_Acc_789
Name790,Surname790,user790@lviv.polytechnic.ua,Developer,Dell XPS,SAP_Acc_790
Name791,Surname791,user791@lviv.polytechnic.ua,DevOps,ThinkPad,SAP_Acc_791
Name792,Surname792,user792@lviv.polytechnic.ua,Manager,MacBook Pro,SAP_Acc_792
Name793,Surname793,user793@lviv.polytechnic.ua,QA,Keyboard,SAP_Acc_793
Name794,Surname794,user794@lviv.polytechnic.ua,QA,Dell XPS,SAP_Acc_794
Name795,Surname795,user795@lviv.polytechnic.ua,Developer,Dell XPS,SAP_Acc_795
Name796,Surname796,user796@lviv.polytechnic.ua,Manager,Dell XPS,SAP_Acc_796
Name797,Surname797,user797@lviv.polytechnic.ua,DevOps,MacBook Pro,SAP_Acc_797
Name798,Surname798,user798@lviv.polytechnic.ua,Developer,Monitor 27',SAP_Acc_798
Name799,Surname799,user799@lviv.polytechnic.ua,Designer,Dell XPS,SAP_Acc_799
Name800,Surname800,user800@lviv.polytechnic.ua,DevOps,Monitor 27',SAP_Acc_800
Name801,Surname801,user801@lviv.polytechnic.ua,Designer,Dell XPS,SAP_Acc_801
Name802,Surname802,user802@lviv.polytechnic.ua,DevOps,Dell XPS,SAP_Acc_802
Name803,Surname803,user803@lviv.polytechnic.ua,Developer,ThinkPad,SAP_Acc_803
Name804,Surname804,user804@lviv.polytechnic.ua,Designer,ThinkPad,SAP_Acc_804
Name805,Surname805,user805@lviv.polytechnic.ua,QA,Keyboard,SAP_Acc_805
Name806,Surname806,user806@lviv.polytechnic.ua,Manager,ThinkPad,SAP_Acc_806
Name807,Surname807,user807@lviv.polytechnic.ua,QA,Keyboard,SAP_Acc_807
Name808,Surname808,user808@lviv.polytechnic.ua,Developer,ThinkPad,SAP_Acc_808
Name809,Surname809,user809@lviv.polytechnic.ua,Manager,Dell XPS,SAP_Acc_809
Name810,Surname810,user810@lviv.polytechnic.ua,DevOps,ThinkPad,SAP_Acc_810
Name811,Surname811,user811@lviv.polytechnic.ua,Designer,Keyboard,SAP_Acc_811
Name812,Surname812,user812@lviv.polytechnic.ua,Manager,Monitor 27',SAP_Acc_812
Name813,Surname813,user813@lviv.polytechnic.ua,Designer,Keyboard,SAP_Acc_813
Name814,Surname814,user814@lviv.polytechnic.ua,Developer,Keyboard,SAP_Acc_814
Name815,Surname815,user815@lviv.polytechnic.ua,DevOps,Monitor 27',SAP_Acc_815
Name816,Surname816,user816@lviv.polytechnic.ua,DevOps,ThinkPad,SAP_Acc_816
Name817,Surname817,user817@lviv.polytechnic.ua,QA,Keyboard,SAP_Acc_817
Name818,Surname818,user818@lviv.polytechnic.ua,DevOps,Dell XPS,SAP_Acc_818
Name819,Surname819,user819@lviv.polytechnic.ua,DevOps,MacBook Pro,SAP_Acc_819
Name820,Surname820,user820@lviv.polytechnic.ua,DevOps,Monitor 27',SAP_Acc_820
Name821,Surname821,user821@lviv.polytechnic.ua,QA,Monitor 27',SAP_Acc_821
Name822,Surname822,user822@lviv.polytechnic.ua,Designer,MacBook Pro,SAP_Acc_822
Name823,Surname823,user823@lviv.polytechnic.ua,Designer,Dell XPS,SAP_Acc_823
Name824,Surname824,user824@lviv.polytechnic.ua,Manager,Keyboard,SAP_Acc_824
Name825,Surname825,user825@lviv.polytechnic.ua,Manager,ThinkPad,SAP_Acc_825
Name826,Surname826,user826@lviv.polytechnic.ua,QA,Dell XPS,SAP_Acc_826
Name827,Surname827,user827@lviv.polytechnic.ua,Manager,Monitor 27',SAP_Acc_827
Name828,Surname828,user828@lviv.polytechnic.ua,Designer,Keyboard,SAP_Acc_828
Name829,Surname829,user829@lviv.polytechnic.ua,Developer,Keyboard,SAP_Acc_829
Name830,Surname830,user830@lviv.polytechnic.ua,QA,Monitor 27',SAP_Acc_830
Name831,Surname831,user831@lviv.polytechnic.ua,Designer,MacBook Pro,SAP_Acc_831
Name832,Surname832,user832@lviv.polytechnic.ua,Developer,MacBook Pro,SAP_Acc_832
Name833,Surname833,user833@lviv.polytechnic.ua,QA,Dell XPS,SAP_Acc_833
Name834,Surname834,user834@lviv.polytechnic.ua,Developer,Monitor 27',SAP_Acc_834
Name835,Surname835,user835@lviv.polytechnic.ua,Manager,MacBook Pro,SAP_Acc_835
Name836,Surname836,user836@lviv.polytechnic.ua,QA,MacBook Pro,SAP_Acc_836
Name837,Surname837,user837@lviv.polytechnic.ua,Designer,MacBook Pro,SAP_Acc_837
Name838,Surname838,user838@lviv.polytechnic.ua,Designer,ThinkPad,SAP_Acc_838
Name839,Surname839,user839@lviv.polytechnic.ua,Developer,Keyboard,SAP_Acc_839
Name840,Surname840,user840@lviv.polytechnic.ua,Developer,Dell XPS,SAP_Acc_840
Name841,Surname841,user841@lviv.polytechnic.ua,Manager,ThinkPad,SAP_Acc_841
Name842,Surname842,user842@lviv.polytechnic.ua,QA,Keyboard,SAP_Acc_842
Name843,Surname843,user843@lviv.polytechnic.ua,Manager,Dell XPS,SAP_Acc_843
Name844,Surname844,user844@lviv.polytechnic.ua,DevOps,Monitor 27',SAP_Acc_844
Name845,Surname845,user845@lviv.polytechnic.ua,Developer,ThinkPad,SAP_Acc_845
Name846,Surname846,user846@lviv.polytechnic.ua,QA,ThinkPad,SAP_Acc_846
Name847,Surname847,user847@lviv.polytechnic.ua,Manager,MacBook Pro,SAP_Acc_847
Name848,Surname848,user848@lviv.polytechnic.ua,Designer,ThinkPad,SAP_Acc_848
Name849,Surname849,user849@lviv.polytechnic.ua,Designer,Keyboard,SAP_Acc_849
Name850,Surname850,user850@lviv.polytechnic.ua,QA,Dell XPS,SAP_Acc_850
Name851,Surname851,user851@lviv.polytechnic.ua,DevOps,Dell XPS,SAP_Acc_851
Name852,Surname852,user852@lviv.polytechnic.ua,Manager,Dell XPS,SAP_Acc_852
Name853,Surname853,user853@lviv.polytechnic.ua,QA,MacBook Pro,SAP_Acc_853
Name854,Surname854,user854@lviv.polytechnic.ua,Manager,Keyboard,SAP_Acc_854
Name855,Surname855,user855@lviv.polytechnic.ua,QA,ThinkPad,SAP_Acc_855
Name856,Surname856,user856@lviv.polytechnic.ua,QA,ThinkPad,SAP_Acc_856
Name857,Surname857,user857@lviv.polytechnic.ua,Manager,Keyboard,SAP_Acc_857
Name858,Surname858,user858@lviv.polytechnic.ua,Developer,Dell XPS,SAP_Acc_858
Name859,Surname859,user859@lviv.polytechnic.ua,Designer,Monitor 27',SAP_Acc_859
Name860,Surname860,user860@lviv.polytechnic.ua,QA,Monitor 27',SAP_Acc_860
Name861,Surname861,user861@lviv.polytechnic.ua,Designer,MacBook Pro,SAP_Acc_861
Name862,Surname862,user862@lviv.polytechnic.ua,Designer,MacBook Pro,SAP_Acc_862
Name863,Surname863,user863@lviv.polytechnic.ua,QA,Keyboard,SAP_Acc_863
Name864,Surname864,user864@lviv.polytechnic.ua,QA,Dell XPS,SAP_Acc_864
Name865,Surname865,user865@lviv.polytechnic.ua,DevOps,Monitor 27',SAP_Acc_865
Name866,Surname866,user866@lviv.polytechnic.ua,Manager,Monitor 27',SAP_Acc_866
Name867,Surname867,user867@lviv.polytechnic.ua,Manager,Keyboard,SAP_Acc_867
Name868,Surname868,user868@lviv.polytechnic.ua,DevOps,Monitor 27',SAP_Acc_868
Name869,Surname869,user869@lviv.polytechnic.ua,Designer,Keyboard,SAP_Acc_869
Name870,Surname870,user870@lviv.polytechnic.ua,QA,MacBook Pro,SAP_Acc_870
Name871,Surname871,user871@lviv.polytechnic.ua,Manager,MacBook Pro,SAP_Acc_871
Name872,Surname872,user872@lviv.polytechnic.ua,Developer,Keyboard,SAP_Acc_872
Name873,Surname873,user873@lviv.polytechnic.ua,Developer,Monitor 27',SAP_Acc_873
Name874,Surname874,user874@lviv.polytechnic.ua,Developer,Dell XPS,SAP_Acc_874
Name875,Surname875,user875@lviv.polytechnic.ua,QA,MacBook Pro,SAP_Acc_875
Name876,Surname876,user876@lviv.polytechnic.ua,Manager,MacBook Pro,SAP_Acc_876
Name877,Surname877,user877@lviv.polytechnic.ua,QA,ThinkPad,SAP_Acc_877
Name878,Surname878,user878@lviv.polytechnic.ua,DevOps,Monitor 27',SAP_Acc_878
Name879,Surname879,user879@lviv.polytechnic.ua,QA,Dell XPS,SAP_Acc_879
Name880,Surname880,user880@lviv.polytechnic.ua,Developer,MacBook Pro,SAP_Acc_880
Name881,Surname881,user881@lviv.polytechnic.ua,Designer,ThinkPad,SAP_Acc_881
Name882,Surname882,user882@lviv.polytechnic.ua,QA,Monitor 27',SAP_Acc_882
Name883,Surname883,user883@lviv.polytechnic.ua,Developer,ThinkPad,SAP_Acc_883
Name884,Surname884,user884@lviv.polytechnic.ua,DevOps,ThinkPad,SAP_Acc_884
Name885,Surname885,user885@lviv.polytechnic.ua,Manager,Keyboard,SAP_Acc_885
Name886,Surname886,user886@lviv.polytechnic.ua,Developer,Dell XPS,SAP_Acc_886
Name887,Surname887,user887@lviv.polytechnic.ua,Designer,ThinkPad,SAP_Acc_887
Name888,Surname888,user888@lviv.polytechnic.ua,Manager,Keyboard,SAP_Acc_888
Name889,Surname889,user889@lviv.polytechnic.ua,Manager,Keyboard,SAP_Acc_889
Name890,Surname890,user890@lviv.polytechnic.ua,Manager,Monitor 27',SAP_Acc_890
Name891,Surname891,user891@lviv.polytechnic.ua,QA,Keyboard,SAP_Acc_891
Name892,Surname892,user892@lviv.polytechnic.ua,Designer,ThinkPad,SAP_Acc_892
Name893,Surname893,user893@lviv.polytechnic.ua,Developer,Keyboard,SAP_Acc_893
Name894,Surname894,user894@lviv.polytechnic.ua,QA,ThinkPad,SAP_Acc_894
Name895,Surname895,user895@lviv.polytechnic.ua,DevOps,Monitor 27',SAP_Acc_895
Name896,Surname896,user896@lviv.polytechnic.ua,QA,Dell XPS,SAP_Acc_896
Name897,Surname897,user897@lviv.polytechnic.ua,Manager,ThinkPad,SAP_Acc_897
Name898,Surname898,user898@lviv.polytechnic.ua,DevOps,ThinkPad,SAP_Acc_898
Name899,Surname899,user899@lviv.polytechnic.ua,DevOps,Keyboard,SAP_Acc_899
Name900,Surname900,user900@lviv.polytechnic.ua,Designer,Keyboard,SAP_Acc_900
Name901,Surname901,user901@lviv.polytechnic.ua,Designer,Keyboard,SAP_Acc_901
Name902,Surname902,user902@lviv.polytechnic.ua,DevOps,Keyboard,SAP_Acc_902
Name903,Surname903,user903@lviv.polytechnic.ua,DevOps,Keyboard,SAP_Acc_903
Name904,Surname904,user904@lviv.polytechnic.ua,Manager,Keyboard,SAP_Acc_904
Name905,Surname905,user905@lviv.polytechnic.ua,Manager,Keyboard,SAP_Acc_905
Name906,Surname906,user906@lviv.polytechnic.ua,Manager,Monitor 27',SAP_Acc_906
Name907,Surname907,user907@lviv.polytechnic.ua,QA,Keyboard,SAP_Acc_907
Name908,Surname908,user908@lviv.polytechnic.ua,Developer,ThinkPad,SAP_Acc_908
Name909,Surname909,user909@lviv.polytechnic.ua,QA,Monitor 27',SAP_Acc_909
Name910,Surname910,user910@lviv.polytechnic.ua,Designer,ThinkPad,SAP_Acc_910
Name911,Surname911,user911@lviv.polytechnic.ua,Developer,ThinkPad,SAP_Acc_911
Name912,Surname912,user912@lviv.polytechnic.ua,DevOps,ThinkPad,SAP_Acc_912
Name913,Surname913,user913@lviv.polytechnic.ua,QA,Monitor 27',SAP_Acc_913
Name914,Surname914,user914@lviv.polytechnic.ua,QA,Keyboard,SAP_Acc_914
Name915,Surname915,user915@lviv.polytechnic.ua,Developer,MacBook Pro,SAP_Acc_915
Name916,Surname916,user916@lviv.polytechnic.ua,QA,Keyboard,SAP_Acc_916
Name917,Surname917,user917@lviv.polytechnic.ua,Designer,Monitor 27',SAP_Acc_917
Name918,Surname918,user918@lviv.polytechnic.ua,Developer,ThinkPad,SAP_Acc_918
Name919,Surname919,user919@lviv.polytechnic.ua,Manager,Monitor 27',SAP_Acc_919
Name920,Surname920,user920@lviv.polytechnic.ua,DevOps,MacBook Pro,SAP_Acc_920
Name921,Surname921,user921@lviv.polytechnic.ua,Designer,ThinkPad,SAP_Acc_921
Name922,Surname922,user922@lviv.polytechnic.ua,Developer,Dell XPS,SAP_Acc_922
Name923,Surname923,user923@lviv.polytechnic.ua,Designer,ThinkPad,SAP_Acc_923
Name924,Surname924,user924@lviv.polytechnic.ua,Developer,Keyboard,SAP_Acc_924
Name925,Surname925,user925@lviv.polytechnic.ua,Designer,Monitor 27',SAP_Acc_925
Name926,Surname926,user926@lviv.polytechnic.ua,Manager,MacBook Pro,SAP_Acc_926
Name927,Surname927,user927@lviv.polytechnic.ua,QA,MacBook Pro,SAP_Acc_927
Name928,Surname928,user928@lviv.polytechnic.ua,DevOps,Dell XPS,SAP_Acc_928
Name929,Surname929,user929@lviv.polytechnic.ua,Manager,ThinkPad,SAP_Acc_929
Name930,Surname930,user930@lviv.polytechnic.ua,Manager,Keyboard,SAP_Acc_930
Name931,Surname931,user931@lviv.polytechnic.ua,Designer,MacBook Pro,SAP_Acc_931
Name932,Surname932,user932@lviv.polytechnic.ua,QA,Dell XPS,SAP_Acc_932
Name933,Surname933,user933@lviv.polytechnic.ua,Manager,MacBook Pro,SAP_Acc_933
Name934,Surname934,user934@lviv.polytechnic.ua,Designer,Keyboard,SAP_Acc_934
Name935,Surname935,user935@lviv.polytechnic.ua,Developer,Monitor 27',SAP_Acc_935
Name936,Surname936,user936@lviv.polytechnic.ua,DevOps,ThinkPad,SAP_Acc_936
Name937,Surname937,user937@lviv.polytechnic.ua,Designer,Monitor 27',SAP_Acc_937
Name938,Surname938,user938@lviv.polytechnic.ua,QA,Dell XPS,SAP_Acc_938
Name939,Surname939,user939@lviv.polytechnic.ua,QA,Monitor 27',SAP_Acc_939
Name940,Surname940,user940@lviv.polytechnic.ua,DevOps,Keyboard,SAP_Acc_940
Name941,Surname941,user941@lviv.polytechnic.ua,DevOps,MacBook Pro,SAP_Acc_941
Name942,Surname942,user942@lviv.polytechnic.ua,Designer,Monitor 27',SAP_Acc_942
Name943,Surname943,user943@lviv.polytechnic.ua,Manager,MacBook Pro,SAP_Acc_943
Name944,Surname944,user944@lviv.polytechnic.ua,QA,ThinkPad,SAP_Acc_944
Name945,Surname945,user945@lviv.polytechnic.ua,QA,Keyboard,SAP_Acc_945
Name946,Surname946,user946@lviv.polytechnic.ua,Manager,ThinkPad,SAP_Acc_946
Name947,Surname947,user947@lviv.polytechnic.ua,Developer,Keyboard,SAP_Acc_947
Name948,Surname948,user948@lviv.polytechnic.ua,Designer,Keyboard,SAP_Acc_948
Name949,Surname949,user949@lviv.polytechnic.ua,DevOps,Monitor 27',SAP_Acc_949
Name950,Surname950,user950@lviv.polytechnic.ua,Manager,MacBook Pro,SAP_Acc_950
Name951,Surname951,user951@lviv.polytechnic.ua,Designer,ThinkPad,SAP_Acc_951
Name952,Surname952,user952@lviv.polytechnic.ua,Designer,Dell XPS,SAP_Acc_952
Name953,Surname953,user953@lviv.polytechnic.ua,Developer,ThinkPad,SAP_Acc_953
Name954,Surname954,user954@lviv.polytechnic.ua,DevOps,ThinkPad,SAP_Acc_954
Name955,Surname955,user955@lviv.polytechnic.ua,Designer,MacBook Pro,SAP_Acc_955
Name956,Surname956,user956@lviv.polytechnic.ua,Developer,Dell XPS,SAP_Acc_956
Name957,Surname957,user957@lviv.polytechnic.ua,Developer,Dell XPS,SAP_Acc_957
Name958,Surname958,user958@lviv.polytechnic.ua,Developer,ThinkPad,SAP_Acc_958
Name959,Surname959,user959@lviv.polytechnic.ua,QA,Keyboard,SAP_Acc_959
Name960,Surname960,user960@lviv.polytechnic.ua,DevOps,Keyboard,SAP_Acc_960
Name961,Surname961,user961@lviv.polytechnic.ua,QA,MacBook Pro,SAP_Acc_961
Name962,Surname962,user962@lviv.polytechnic.ua,Manager,ThinkPad,SAP_Acc_962
Name963,Surname963,user963@lviv.polytechnic.ua,Developer,ThinkPad,SAP_Acc_963
Name964,Surname964,user964@lviv.polytechnic.ua,Developer,Monitor 27',SAP_Acc_964
Name965,Surname965,user965@lviv.polytechnic.ua,Developer,MacBook Pro,SAP_Acc_965
Name966,Surname966,user966@lviv.polytechnic.ua,Manager,ThinkPad,SAP_Acc_966
Name967,Surname967,user967@lviv.polytechnic.ua,Developer,MacBook Pro,SAP_Acc_967
Name968,Surname968,user968@lviv.polytechnic.ua,Developer,Dell XPS,SAP_Acc_968
Name969,Surname969,user969@lviv.polytechnic.ua,DevOps,Keyboard,SAP_Acc_969
Name970,Surname970,user970@lviv.polytechnic.ua,Developer,ThinkPad,SAP_Acc_970
Name971,Surname971,user971@lviv.polytechnic.ua,Designer,Monitor 27',SAP_Acc_971
Name972,Surname972,user972@lviv.polytechnic.ua,Designer,ThinkPad,SAP_Acc_972
Name973,Surname973,user973@lviv.polytechnic.ua,DevOps,Dell XPS,SAP_Acc_973
Name974,Surname974,user974@lviv.polytechnic.ua,Developer,Dell XPS,SAP_Acc_974
Name975,Surname975,user975@lviv.polytechnic.ua,Developer,Keyboard,SAP_Acc_975
Name976,Surname976,user976@lviv.polytechnic.ua,Designer,Monitor 27',SAP_Acc_976
Name977,Surname977,user977@lviv.polytechnic.ua,QA,ThinkPad,SAP_Acc_977
Name978,Surname978,user978@lviv.polytechnic.ua,Developer,MacBook Pro,SAP_Acc_978
Name979,Surname979,user979@lviv.polytechnic.ua,Manager,ThinkPad,SAP_Acc_979
Name980,Surname980,user980@lviv.polytechnic.ua,Designer,MacBook Pro,SAP_Acc_980
Name981,Surname981,user981@lviv.polytechnic.ua,Designer,ThinkPad,SAP_Acc_981
Name982,Surname982,user982@lviv.polytechnic.ua,Manager,Keyboard,SAP_Acc_982
Name983,Surname983,user983@lviv.polytechnic.ua,Developer,Dell XPS,SAP_Acc_983
Name984,Surname984,user984@lviv.polytechnic.ua,QA,Keyboard,SAP_Acc_984
Name985,Surname985,user985@lviv.polytechnic.ua,QA,Keyboard,SAP_Acc_985
Name986,Surname986,user986@lviv.polytechnic.ua,Developer,Dell XPS,SAP_Acc_986
Name987,Surname987,user987@lviv.polytechnic.ua,Manager,Dell XPS,SAP_Acc_987
Name988,Surname988,user988@lviv.polytechnic.ua,QA,Monitor 27',SAP_Acc_988
Name989,Surname989,user989@lviv.polytechnic.ua,DevOps,Keyboard,SAP_Acc_989
Name990,Surname990,user990@lviv.polytechnic.ua,DevOps,Dell XPS,SAP_Acc_990
Name991,Surname991,user991@lviv.polytechnic.ua,Developer,Monitor 27',SAP_Acc_991
Name992,Surname992,user992@lviv.polytechnic.ua,QA,Dell XPS,SAP_Acc_992
Name993,Surname993,user993@lviv.polytechnic.ua,Designer,ThinkPad,SAP_Acc_993
Name994,Surname994,user994@lviv.polytechnic.ua,Manager,Monitor 27',SAP_Acc_994
Name995,Surname995,user995@lviv.polytechnic.ua,Designer,MacBook Pro,SAP_Acc_995
Name996,Surname996,user996@lviv.polytechnic.ua,Designer,Keyboard,SAP_Acc_996
Name997,Surname997,user997@lviv.polytechnic.ua,Manager,Monitor 27',SAP_Acc_997
Name998,Surname998,user998@lviv.polytechnic.ua,Designer,Keyboard,SAP_Acc_998
Name999,Surname999,user999@lviv.polytechnic.ua,QA,MacBook Pro,SAP_Acc_999
Name1000,Surname1000,user1000@lviv.polytechnic.ua,QA,Dell XPS,SAP_Acc_1000
